ten_excel,ma_excel,loai,trang_thai,item_code_d1,ten_d1,can_cu,so_dong_dm_duong
V4_KẼM,NVL-V4_KEM_STD,NVL,A-KHỚP,PKC_V4_KEM,V4 KẼM,trùng TÊN,82
Vis,NVL-VIS,NVL,A-KHỚP,PKDUC_VIS,Vis,trùng TÊN,48
Ron đáy đức,RON-DD,NVL,A-KHỚP,PKC_RON_DD,RON ĐÁY ĐỨC,trùng TÊN,39
Puly đen cuộn cửa,NVL-PULY-DEN,NVL,A-KHỚP,PKDUC_PULY_DEN,PULY ĐEN CUỘN CỬA ĐỨC,trùng ĐUÔI MÃ + tên giống 0.89,37
Lông nheo nhỏ,NVL-PHOTLONG4X5,NVL,A-KHỚP,PKDUC_PHOTLONG4X5,LÔNG NHEO NHỎ,trùng TÊN,24
BÁT KHÓA ÂM NỀN,NVL-BKAN,NVL,A-KHỚP,PKC_BKAN,BÁT KHÓA ÂM NỀN,trùng TÊN,22
RAY SẮT (KHÔNG RON) U70,NVL-TOLE1.2x190-KRON,NVL,C-KHÔNG THẤY,,,"gợi ý xa: RT_RAY_U70_KRON, RT_RAY_U100_KRON, RT_RAY_U100_1.4LY_KRON",21
TRỤC114_1.8LY,NVL-TRUC114_1.8LY,NVL,A-KHỚP,RT_TRUC_114_1.8LY,TRỤC 114 1.8LY,trùng ĐUÔI MÃ + tên giống 0.96,21
V ĐÁY (THANH ĐÁY ÚC),NVL-VDAY-TDU,NVL,A-KHỚP,PKC_VDAY_TDU,V ĐÁY (THANH ĐÁY ÚC),trùng TÊN,21
VIS ĐẦU DÙ BẮN LÔ,NVL-VISDD-BANLO,NVL,A-KHỚP,PKC_VISDD_BANLO,VIS ĐẦU DÙ BẮN LÔ,trùng TÊN,21
RON ĐÁY ÚC,NVL-RONDAYUC,NVL,A-KHỚP,PKC_RONDAYUC,RON ĐÁY ÚC,trùng TÊN,20
XỐP ( TẤM NHỎ - 45cm),NVL-XOP-N45,NVL,B-MƠ HỒ,PKC_XOP_N45,XỐP NHỎ,trùng ĐUÔI MÃ nhưng TÊN lệch (D1: XỐP NHỎ) — cần chốt,20
TRỤC 34,NVL-TRUC34,NVL,A-KHỚP,RT_ONGKEM34,TRỤC 34,trùng TÊN,13
CÂY KÉO CỬA (INOX + NHỰA+MÓC),"NVL-INOX, NVL-NHUA, NVL-MOC",NVL,C-KHÔNG THẤY,,,không có ứng viên nào,12
VIS BẮN LÔ 2P,NVL-VIS-BANLO2P,NVL,A-KHỚP,PKC_VIS_BANLO2P,VIS BẮN LÔ 2P,trùng TÊN,12
GIÁ T,NVL-GIAT,NVL,A-KHỚP,PKC_GIAT,GIÁ T,trùng TÊN,11
GỐI SẮT,NVL-GOIFE,NVL,A-KHỚP,PKC_GOIFE,GỐI SẮT,trùng TÊN,11
BỌ 2VIS AL50-VIP50-AL548-ST500,NVL-BO2VIS-AL50-VIP50-AL548-ST500,NVL,A-KHỚP,PKC_BO_2VIS_AL50_VIP50_548_ST500,BỌ 2VIS-AL50-VIP50-AL548-ST500,trùng TÊN,10
CÙM HÃM NHỰA,NVL-CHNHUA,NVL,B-MƠ HỒ,PKC_CHNHUA,VÒNG NHỰA HÃM TRỤC,trùng ĐUÔI MÃ nhưng TÊN lệch (D1: VÒNG NHỰA HÃM TRỤC) — cần chốt,10
JG_HopDK,TP-JG-HDK,NVL,C-KHÔNG THẤY,,,không có ứng viên nào,10
JG_TayDK,TP-JG_TayDK,NVL,C-KHÔNG THẤY,,,gợi ý xa: PKD_TAY_JG,10
Lông nheo nhỏ,NVL-PHOTLONG5X6,NVL,A-KHỚP,PKDUC_PHOTLONG4X5,LÔNG NHEO NHỎ,trùng TÊN,10
PULY GAI,NVL-PULYGAI,NVL,A-KHỚP,PKC_PULYGAI,PULY GAI,trùng TÊN,10
SẮT VUÔNG 3X6M,NVL-3X6M,NVL,A-KHỚP,PKC_3X6M,SẮT VUÔNG 3X6M,trùng TÊN,10
TANKER_ALUMAX_HopDK,TP-Tanker-Alumax-HDK,NVL,C-KHÔNG THẤY,,,"gợi ý xa: LKMT_TANKER_ALUMAX_LAC36, LKMT_TANKER_ALUMAX_LAC33, DK_TANKER_ALUMAX_BODK",10
TANKER_ALUMAX_TayDK,TP-Tanker-Alumax_TayDK,NVL,C-KHÔNG THẤY,,,"gợi ý xa: LKMT_TANKER_ALUMAX_LAC36, LKMT_TANKER_ALUMAX_LAC33, DK_TANKER_ALUMAX_BODK",10
VAI HÃM XO,NVL-VAIHAMXO,NVL,A-KHỚP,PKC_VAIHAMXO,VAI HÃM XO,trùng TÊN,10
BỌ 1VIS 503N-71-595,NVL-BO1VIS-503N-71-595,NVL,A-KHỚP,PKDUC_BO_1VIS_503N_71_595,BỌ 1VIS 503N-71-595,trùng TÊN,9
LÁ ĐÀI LOAN STĐ 1.2LY_MSK,NVL-TOLEKEM124_1LY_MSK,NVL,C-KHÔNG THẤY,,,"gợi ý xa: LA_DLK_1_2LY_K175, LA_DLK_1_2LY, LA_DLK_1_1LY",9
LÒ XO 46V,NVL-LX-5.5 x 70 x 46V,NVL,B-MƠ HỒ,,,"đuôi mã trùng 2 mã: PKC_LX_5.5_X_70_X_46V, PKC_LX5.5X70X46V",9
LÒ XO 53V,NVL-LV-6.0 x 70 x 53V,NVL,A-KHỚP,PKC_LV_6.0_X_70_X_53V,HH LÒ XO 53V,trùng ĐUÔI MÃ + tên giống 0.86,9
LÁ ĐÀI LOAN 1LY_XN-VK,NVL-TON-DL9.2Dx124-XNVK,NVL,B-MƠ HỒ,LA_DLK_1LY,LÁ ĐÀI LOAN 1LY,"khớp sau khi BỎ đuôi màu/bề mặt (""XN-VK"") — D1 gộp mọi màu/bề mặt vào MỘT mã",8
LÁ ĐÀI LOAN 1LY_XN-XLC,NVL-TON-DL9.2Dx124-XNXLC,NVL,B-MƠ HỒ,LA_DLK_1LY,LÁ ĐÀI LOAN 1LY,"khớp sau khi BỎ đuôi màu/bề mặt (""XN-XLC"") — D1 gộp mọi màu/bề mặt vào MỘT mã",8
LÁ ĐÀI LOAN 6D_XN-VK,NVL-TON-DL5.2Dx124-XNVK,NVL,C-KHÔNG THẤY,,,"gợi ý xa: LA_DLK_8D_TRONBO, TON_DLM_6D_K124, LA_DLK_1_2LY_K175",8
LÁ ĐÀI LOAN 6D_XN-XLC,NVL-TON-DL5.2Dx124-XNXLC,NVL,C-KHÔNG THẤY,,,"gợi ý xa: LA_DLK_8D_TRONBO, TON_DLM_6D_K124, LA_DLK_1_1LY",8
LÁ ĐÀI LOAN 7D_XN-VK,NVL-TON-DL6.2Dx124-XNVK,NVL,C-KHÔNG THẤY,,,"gợi ý xa: LA_DLK_8D_TRONBO, TON_DLM_7D_K124, LA_DLK_1_2LY_K175",8
LÁ ĐÀI LOAN 7D_XN-XLC,NVL-TON-DL6.2Dx124-XNXLC,NVL,C-KHÔNG THẤY,,,"gợi ý xa: LA_DLK_8D_TRONBO, TON_DLM_7D_K124, LA_DLK_1_1LY",8
LÁ ĐÀI LOAN 8D_XN-VK,NVL-TON-DL7.2Dx124-XNVK,NVL,C-KHÔNG THẤY,,,"gợi ý xa: LA_DLK_8D_TRONBO, TON_DLM_8D_K124, LA_DLK_1_2LY_K175",8
LÁ ĐÀI LOAN 8D_XN-XLC,NVL-TON-DL7.2Dx124-XNXLC,NVL,C-KHÔNG THẤY,,,"gợi ý xa: LA_DLK_8D_TRONBO, TON_DLM_8D_K124, LA_DLK_1_1LY",8
LÁ ĐÀI LOAN STĐ 1LY_MSK,NVL-TOLEKEM124_8D_MSK,NVL,C-KHÔNG THẤY,,,"gợi ý xa: LA_DLK_1_1LY, LA_DLK_1LY, LA_DLK_1_2LY_K175",8
LÁ ĐÀI LOAN STĐ 8D_MSK,NVL-TOLEKEM124_6D_MSK,NVL,C-KHÔNG THẤY,,,"gợi ý xa: TON_DLM_8D_K124, LA_DLK_8D_TRONBO, LA_DLK_1_2LY_K175",8
YHTAIWAN_HopDK,TP-YHTaiwan-HDK,NVL,A-KHỚP,LKMT_YHTAIWAN,YHTAIWAN HopDK,trùng TÊN,8
YHTAIWAN_TayDK,TP-YHTaiwan-TayDK,NVL,C-KHÔNG THẤY,,,"gợi ý xa: LKMT_YHTAIWAN, PKD_TAY_YHTAIWAN, LKMT_YHTAIWAN_THAN800KG",8
BỌ 2VIS 501-552,NVL-BO2VIS-501-552,NVL,A-KHỚP,PKDUC_BO_2VIS_501_552,BỌ 2VIS 501N-552,trùng ĐUÔI MÃ + tên giống 0.97,7
JG_Phimamtuongcoday,TP_JG_PATCD,NVL,A-KHỚP,LKMT_JG_PATCD,JG PHÍM ÂM TƯỜNG CÓ DÂY,trùng ĐUÔI MÃ + tên giống 0.90,7
YHLD_HopDK,TP-YHLD-HDK,NVL,C-KHÔNG THẤY,,,gợi ý xa: LKMT_YHTAIWAN,7
YHLD_TayDK,TP-YHLD_TayDK,NVL,C-KHÔNG THẤY,,,gợi ý xa: PKD_TAY_YHLD,7
YHTAIWAN_Phimamtuongcoday,TP-YHTaiwan-PATCD,NVL,A-KHỚP,LKMT_YHTAIWAN_PATCD,YHTAIWAN PHÍM ÂM TƯỜNG CÓ DÂY,trùng ĐUÔI MÃ + tên giống 0.93,7
LÁ TÔN 4.6D XN-VK,NVL-TOLE0.42x598-XN-VK,NVL,C-KHÔNG THẤY,,,không có ứng viên nào,6
BOSTEC_HỘP ĐK,TP-MTT_BOSTEC-HOPDK,NVL,C-KHÔNG THẤY,,,"gợi ý xa: DK_BOSTEC, LKMT_BOSTEC_DON_T, LKMT_BOSTEC_DON_P",5
BOSTEC_TAYDK,TP-MTT-BOSTEC-TAYDK,NVL,C-KHÔNG THẤY,,,"gợi ý xa: PKD_TAY_BOSTEC, LKMT_BOSTEC_DON_T, LKMT_BOSTEC_DON_P",5
BỌ 2VIS 752-VIPST700,NVL-BO2VIS-752-VIPST700,NVL,A-KHỚP,PKC_BO_2VIS_752_VIPST700,BỌ 2VIS 752-VIPST700,trùng TÊN,5
CHTAIWAN_HỘP ĐK,TP-MTT_CHTAIWAN-HOPDK,NVL,B-MƠ HỒ,LKMT_YHTAIWAN,YHTAIWAN HopDK,chỉ gần đúng tên (0.90),5
CHTAIWAN_TAYDK,TP-MTT-CHTAIWAN-TAYDK,NVL,C-KHÔNG THẤY,,,"gợi ý xa: PKD_TAY_CHTAIWAN, LKMT_YHTAIWAN, PKD_TAY_YHTAIWAN",5
BOSTEC_PHÍM ÂM TƯỜNG,TP-MTT-BOSTEC-PAT,NVL,A-KHỚP,LKMT_BOSTEC_PAT,BOSTEC PHÍM ÂM TƯỜNG,trùng TÊN,4
BỌ 1VIS AL75,NVL-BO1VIS AL75,NVL,A-KHỚP,PKC_BO_1VIS_AL75,BỌ 1VIS-AL75,trùng TÊN,4
BỌ 2VIS 548C-501C-AL652,NVL-BO2VIS-548C-501C-AL652,NVL,C-KHÔNG THẤY,,,"gợi ý xa: PKDUC_BO_2VIS_501_552, PKDUC_BO_2VIS_652_548C",4
CHTAIWAN_PHÍM ÂM TƯỜNG,TP-MTT-CHTAIWAN-PAT,NVL,A-KHỚP,LKMT_CHTAIWAN_PAT,CHTAIWAN-PHÍM ÂM TƯỜNG,trùng TÊN,4
CON TÁN,NVL-CONTANMV,NVL,A-KHỚP,PKC_CONTAN_MV,CON TÁN,trùng TÊN,4
LÁ TÔN 4.6D KU-GU,NVL-TOLE0.42x598-KU-GU,NVL,C-KHÔNG THẤY,,,không có ứng viên nào,4
LÁ TÔN 4.6D XR-CF,NVL-TOLE0.42x598-XR-CF,NVL,C-KHÔNG THẤY,,,không có ứng viên nào,4
LÒ XO 63V,NVL-LV-6.5 x 80 x 63V,NVL,A-KHỚP,PKC_LV_6.5_X_80_X_63V,HH LÒ XO 63V,trùng ĐUÔI MÃ + tên giống 0.86,4
TANKER_Phimamtuongcoday,TP-TANKER_PATCD,NVL,A-KHỚP,LKMT_TANKER_PATCD,TANKER PHÍM ÂM TƯỜNG CÓ DÂY,trùng ĐUÔI MÃ + tên giống 0.92,4
V4_KẼM,NVL-V4-KEM_TOLE75_STD,NVL,A-KHỚP,PKC_V4_KEM,V4 KẼM,trùng TÊN,4
YHLD_Phimamtuongcoday,TP_YHLD_PATCD,NVL,A-KHỚP,LKMT_YHLD_PATCD,YHLD PHÍM ÂM TƯỜNG CÓ DÂY,trùng ĐUÔI MÃ + tên giống 0.91,4
ĐINH TÁN,NVL-DINHTANMV,NVL,B-MƠ HỒ,PKC_DINHTAN_MV,ĐINH TÁN MẮT VÕNG,trùng ĐUÔI MÃ nhưng TÊN lệch (D1: ĐINH TÁN MẮT VÕNG) — cần chốt,4
BỌ 1VIS AL70,NVL-BO1VIS AL70,NVL,B-MƠ HỒ,PKC_BO_1VIS_AL75,BỌ 1VIS-AL75,chỉ gần đúng tên (0.92),3
Chi phí STD_LÁ,CPSTD_LADL,NVL,C-KHÔNG THẤY,,,không có ứng viên nào,3
JG_LacJG400-500-600KG,TP-LacJG400-500-600KG,NVL,C-KHÔNG THẤY,,,gợi ý xa: LKMT_LACJG1000_1500KG,3
LÁ TÔN 4.6D TR-XLC,NVL-TOLE0.42x598-TR-XLC,NVL,C-KHÔNG THẤY,,,không có ứng viên nào,3
LÒ XO 50V,NVL-LX-5.5 x 70 x 50V,NVL,B-MƠ HỒ,,,"đuôi mã trùng 2 mã: PKC_LX_5.5_X_70_X_50V, PKC_LX5.5X70X50V",3
LÒ XO 83V,NVL-LV-7.0 x 90 x 83V,NVL,A-KHỚP,PKC_LV_7.0_X_90_X_83V,HH LÒ XO 83V,trùng ĐUÔI MÃ + tên giống 0.86,3
YHTAIWAN_LacYHTW300-400-500KG,TP-YHTaiwan-LaYHTW300-400-500KG,NVL,A-KHỚP,LKMT_YHTAIWAN_LAYHTW300_400_500KG,YHTAIWAN LẮC 300-400-500KG,trùng ĐUÔI MÃ + tên giống 0.91,3
YHTAIWAN_LacYHTW600-700-800KG,TP-YHTaiwan-LaYHTW600-700-800KG,NVL,A-KHỚP,LKMT_YHTAIWAN_LAYHTW600_700_800KG,YHTAIWAN LẮC 600-700-800KG,trùng ĐUÔI MÃ + tên giống 0.91,3
ALUMAX_Phimamtuongcoday,TP-ALUMAX_PATCD,NVL,A-KHỚP,LKMT_ALUMAX_PATCD,ALUMAX PHÍM ÂM TƯỜNG CÓ DÂY,trùng ĐUÔI MÃ + tên giống 0.92,2
BÁT SN PHI 19,NVL-BATSNPHI19,NVL,C-KHÔNG THẤY,,,gợi ý xa: PKS_LUOISNPHI19,2
BỌ 1VIS AL70_1LOP,NVL-BO1VIS AL70_1LOP,NVL,A-KHỚP,PKC_BO_1VIS_AL701LOP,BỌ 1 VIS-AL701LOP,trùng ĐUÔI MÃ + tên giống 0.94,2
BỌ 1VIS AL70_2LOP,NVL-BO1VIS AL70_2LOP,NVL,A-KHỚP,PKC_BO_1VIS_AL702LOP,BỌ 1 VIS-AL702LOP,trùng ĐUÔI MÃ + tên giống 0.94,2
BỌ LUỚI SN PHI 19,NVL-BOSNPHI19,NVL,C-KHÔNG THẤY,,,"gợi ý xa: PKS_LUOISNPHI19, CLUOI_LUOI_SN_TRONBO, PKC_LUOISNPHI19_INOX",2
BỌ MẮT VÕNG VÕNG,NVL-BOMV,NVL,A-KHỚP,PKC_BOMV,BỌ MẮT VÕNG,trùng ĐUÔI MÃ + tên giống 0.81,2
JG_Bacdannhao,TP-JG-BDN,NVL,A-KHỚP,LKMT_JG_BDN,JG BẠC ĐẠN,trùng ĐUÔI MÃ + tên giống 0.78,2
JG_LacJG1000-1500KG,TP-LacJG1000-1500KG,NVL,A-KHỚP,LKMT_LACJG1000_1500KG,JG LacJG1000-1500KG,trùng TÊN,2
LÁ TÔN 5.2D KU-GU,NVL-TOLE0.48x598-KU-GU,NVL,C-KHÔNG THẤY,,,không có ứng viên nào,2
LÁ ĐÀI LOAN STĐ 1LY,NVL-TOLEKEM124_8D,NVL,B-MƠ HỒ,,,"nhiều ứng viên gần đúng: LA_DLK_1_1LY, LA_DLK_1LY",2
LÁ ĐÀI LOAN STĐ 8D,NVL-TOLEKEM124_6D,NVL,C-KHÔNG THẤY,,,"gợi ý xa: TON_DLM_8D_K124, TON_DLM_7D_K124, TON_DLM_6D_K124",2
LƯỚI MV STĐ,NVL-LUOIMV_STD,NVL,B-MƠ HỒ,PKS_LUOIMV,LƯỚI MV,"khớp sau khi BỎ đuôi màu/bề mặt (""STĐ"") — D1 gộp mọi màu/bề mặt vào MỘT mã",2
LƯỚI SN TRÒN PHI 19 STĐ,NVL-LUOISNPHI19_STD,NVL,B-MƠ HỒ,PKS_LUOISNPHI19,LƯỚI SN TRÒN PHI 19,"khớp sau khi BỎ đuôi màu/bề mặt (""STĐ"") — D1 gộp mọi màu/bề mặt vào MỘT mã",2
LƯỚI SN VUÔNG PHI 13X26 STĐ,TP-LUOISN13x26_STD,NVL,B-MƠ HỒ,PKS_LUOISN13X26,LƯỚI SN VUÔNG PHI 13X26,"khớp sau khi BỎ đuôi màu/bề mặt (""STĐ"") — D1 gộp mọi màu/bề mặt vào MỘT mã",2
MÓNG NGỰA SN PHI 19,NVL-MONGNGUASNPHI19,NVL,C-KHÔNG THẤY,,,gợi ý xa: PKC_OTPHI19,2
NHẪN SN PHI 19,NVL-NHANSNPHI19,NVL,C-KHÔNG THẤY,,,"gợi ý xa: PKC_OTPHI19, PKS_LUOISNPHI19",2
RAY SẮT (CÓ RON) U70,NVL-TOLE1.2x190-CORON,NVL,C-KHÔNG THẤY,,,"gợi ý xa: RT_RAY_U70_RON, RT_RAY_U100_RON, RT_RAY_U70_KRON",2
RONNHUAVANGCANHAY_RSU100,RONNHUAVANGCẢNHAY_RSU100,NVL,A-KHỚP,PKC_RONNHUAVANGCANHAY_RSU100,RONNHUAVANGCANHAY RSU100,trùng TÊN,2
RONNHUAVANGCANHAY_RSU70,RONNHUAVANGCANHAY_RSU70,NVL,A-KHỚP,PKC_RONNHUAVANGCANHAY_RSU70,RONNHUAVANGCANHAY RSU70,trùng TÊN,2
TANKER_Lac800&1000KG,TP-Tanker-Lac800&1000KG,NVL,A-KHỚP,LKMT_TANKER_LAC800_1000KG,LẮC TANKER 800-1000KG,trùng ĐUÔI MÃ + tên giống 0.83,2
YHLD_LacYHLD300&500KG,TP-LacYHLD300&500KG,NVL,A-KHỚP,LKMT_LACYHLD300_500KG,LẮC YH 300 500KG,trùng ĐUÔI MÃ + tên giống 0.80,2
YHLD_LacYHLD800&1000KG,TP-LacYHLD800&1000KG,NVL,A-KHỚP,LKMT_LACYHLD800_1000KG,LẮC YH 800 1000KG,trùng ĐUÔI MÃ + tên giống 0.81,2
ALUMAX_Thân 400KG,TP-Alumax-Than400kg,NVL,C-KHÔNG THẤY,,,"gợi ý xa: LKMT_YHTAIWAN_THAN400KG, MT_ALUMAX400KG, LKMT_UPS_ALE800",1
ALUMAX_Thân 600KG,TP-Alumax-Than600kg,NVL,C-KHÔNG THẤY,,,"gợi ý xa: LKMT_YHTAIWAN_THAN600KG, MT_ALUMAX600KG, LKMT_UPS_ALE800",1
BOSTEC_THÂN ĐÔI_PHẢI,TP-MTT_BOSTEC-DOI_THAN(P),NVL,C-KHÔNG THẤY,,,"gợi ý xa: LKMT_BOSTEC_DOI_P, PKD_TAY_BOSTEC, LKMT_BOSTEC_DON_P",1
BOSTEC_THÂN ĐÔI_TRÁI,TP-MTT_BOSTEC-DOI_THAN(T),NVL,C-KHÔNG THẤY,,,"gợi ý xa: LKMT_BOSTEC_DOI_T, LKMT_BOSTEC_DON_T, LKMT_CHTAIWAN_DOI_T",1
BOSTEC_THÂN ĐƠN_PHẢI,TP-MTT_BOSTEC-DON_THAN(P),NVL,C-KHÔNG THẤY,,,"gợi ý xa: LKMT_BOSTEC_DON_P, LKMT_BOSTEC_DOI_P, LKMT_CHTAIWAN_DON_P",1
BOSTEC_THÂN ĐƠN_TRÁI,TP-MTT_BOSTEC-DON_THAN(T),NVL,C-KHÔNG THẤY,,,"gợi ý xa: LKMT_BOSTEC_DON_T, LKMT_BOSTEC_DOI_T, LKMT_CHTAIWAN_DON_T",1
BÁT (DÙNG BẮT VÀO LÁ YẾM),NVL-BATMV,NVL,A-KHỚP,PKC_BAT_MV,BÁT MẮT VÕNG (BẮT VÀO LÁ YẾM),trùng ĐUÔI MÃ + tên giống 0.84,1
BÁT KHÓA ÂM NỀN - CỬA ĐỨC KÉO TAY AL70 (1 LỚP),NVL-BKAN,NVL,A-KHỚP,PKC_BKAN,BÁT KHÓA ÂM NỀN,trùng TÊN (sau khi bỏ đuôi tên thành phẩm cha),1
BÁT MẮT VÕNG,NVL-BATMV,NVL,B-MƠ HỒ,PKC_BAT_MV,BÁT MẮT VÕNG (BẮT VÀO LÁ YẾM),trùng ĐUÔI MÃ nhưng TÊN lệch (D1: BÁT MẮT VÕNG (BẮT VÀO LÁ YẾM)) — cần chốt,1
BÁT SẮT,NVL-BATFE,NVL,A-KHỚP,PKDUC_BATSAT,BÁT SẮT,trùng TÊN,1
BÙ LON 12x12,NVL-BULON12.12,NVL,A-KHỚP,PKC_BULON12.12,BÙ LON 12x12,trùng TÊN,1
BẠC ĐẠN,NVL-BACDAN,NVL,A-KHỚP,PKC_BACDAN,BẠC ĐẠN,trùng TÊN,1
BẮN BƯỚM (INOX),TP-BUOMINOX,NVL,A-KHỚP,PKC_BANBUOM_INOX,BẮN BƯỚM (INOX),trùng TÊN,1
BẮN BƯỚM SẮT SIÊU TRƯỜNG,TP-BUOMSAT-ST,TP,B-MƠ HỒ,PKC_BUOMFE_ST,BƯỚM SẮT SIÊU TRƯỜNG,chỉ gần đúng tên (0.91),1
BẮN BƯỚM SẮT SIÊU TRƯỜNG,NVL-BUOMSAT-ST,NVL,B-MƠ HỒ,PKC_BUOMFE_ST,BƯỚM SẮT SIÊU TRƯỜNG,chỉ gần đúng tên (0.91),1
BẮN BƯỚM SẮT ĐÀI LOAN,TP-BUOMSAT-DL,TP,B-MƠ HỒ,PKC_BUOMFE_DL,BƯỚM SẮT ĐÀI LOAN,chỉ gần đúng tên (0.89),1
BẮN BƯỚM SẮT ĐÀI LOAN,NVL-BUOMSAT-DL,NVL,B-MƠ HỒ,PKC_BUOMFE_DL,BƯỚM SẮT ĐÀI LOAN,chỉ gần đúng tên (0.89),1
BỌ 1VIS AL70_1LOP - CỬA ĐỨC KÉO TAY AL70 (1 LỚP),NVL-BO1VIS AL70_1LOP,NVL,A-KHỚP,PKC_BO_1VIS_AL701LOP,BỌ 1 VIS-AL701LOP,trùng ĐUÔI MÃ + tên giống 0.81,1
BỌ 1VIS AL71,NVL-BO1VIS AL71,NVL,B-MƠ HỒ,PKC_BO_1VIS_AL75,BỌ 1VIS-AL75,chỉ gần đúng tên (0.92),1
BỌ 1VIS-AL503C,NVL-BO1VIS-AL503C,NVL,A-KHỚP,PKC_BO_1VIS_AL503C,BỌ 1VIS AL503C,trùng TÊN,1
BỘ ĐIỀU KHIỂN TANKER_ALUMAX,TP-BDK-TANKER-ALUMAX,TP,A-KHỚP,DK_BDK_TANKER_ALUMAX,BỘ ĐIỀU KHIỂN TANKER ALUMAX,trùng TÊN,1
BỘ ĐIỀU KHIỂN ĐIỆN THOẠI MULLER,TP-BDKDT_MULLER,TP,A-KHỚP,DK_MULLER,BỘ ĐIỀU KHIỂN ĐIỆN THOẠI MULLER,trùng TÊN,1
CHTAIWAN_THÂN ĐÔI_PHẢI,TP-MTT_CHTAIWAN-DOI(P),NVL,C-KHÔNG THẤY,,,"gợi ý xa: LKMT_CHTAIWAN_DOI_P, PKD_TAY_CHTAIWAN, LKMT_CHTAIWAN_DON_P",1
CHTAIWAN_THÂN ĐÔI_TRÁI,TP-MTT_CHTAIWAN-DOI(T),NVL,C-KHÔNG THẤY,,,"gợi ý xa: LKMT_CHTAIWAN_DOI_T, LKMT_CHTAIWAN_DON_T, PKD_TAY_CHTAIWAN",1
CHTAIWAN_THÂN ĐƠN_PHẢI,TP-MTT_CHTAIWAN-DON(P),NVL,C-KHÔNG THẤY,,,"gợi ý xa: LKMT_CHTAIWAN_DON_P, LKMT_CHTAIWAN_DOI_P, LKMT_CHTAIWAN_DON_T",1
CHTAIWAN_THÂN ĐƠN_TRÁI,TP-MTT_CHTAIWAN-DON(T),NVL,C-KHÔNG THẤY,,,"gợi ý xa: LKMT_CHTAIWAN_DON_T, LKMT_CHTAIWAN_DOI_T, LKMT_CHTAIWAN_DON_P",1
CON LĂN,TP-CON LĂN,TP,A-KHỚP,PKDUC_CON_LAN,CON LĂN,trùng TÊN,1
CON TÁN 12,NVL-CONTAN12,NVL,A-KHỚP,PKC_CONTAN12,CON TÁN 12,trùng TÊN,1
CÂY KÉO CỬA (INOX + NHỰA+MÓC) - CỬA ĐỨC KÉO TAY AL70 (1 LỚP),"NVL-INOX, NVL-NHUA, NVL-MOC",NVL,C-KHÔNG THẤY,,,"gợi ý xa: CDUC_DUC_KT_AL70, CDUC_DUC_KT_AL70_2_LOP",1
CỤC NHỰA,NVL-CNHUA,NVL,A-KHỚP,PKC_CNHUA,CỤC NHỰA,trùng TÊN,1
CỬA LƯỚI MẮT VÕNG INOX - TRỌN BỘ,TP-LUOIMV-INOX- TRONBO,TP,A-KHỚP,CLUOI_LUOIMV_INOX_TRONBO,CỬA LƯỚI MẮT VÕNG INOX TRỌN BỘ,trùng TÊN,1
CỬA LƯỚI MẮT VÕNG STĐ - Trọn bộ,TP-LUOI-MV-STD - TRONBO,TP,B-MƠ HỒ,,,"nhiều ứng viên gần đúng: CLUOI_LUOI_MV_TRONBO, CLUOI_LUOIMV_INOX_TRONBO",1
CỬA LƯỚI SN PHI 19 INOX- TRỌN BỘ,TP-LUOI-SNPHI19-INOX - TRONBO,TP,A-KHỚP,CLUOI_LUOI_SNPHI19_INOX_TRONBO,CỬA LƯỚI SN PHI 19 INOX- TRỌN BỘ,trùng TÊN,1
CỬA LƯỚI SN PHI 19 STD - TRỌN BỘ,TP-LUOI-SN-STD - TRONBO,TP,B-MƠ HỒ,,,"nhiều ứng viên gần đúng: CLUOI_LUOI_SN_TRONBO, CLUOI_LUOI_SNPHI19_INOX_TRONBO",1
CỬA LƯỚI SN PHI 19 STD - TÁCH MÓN,TP-LUOI-SN-STD - TM,TP,B-MƠ HỒ,,,"nhiều ứng viên gần đúng: CLUOI_LUOI_SN_TM, CLUOI_LUOI_SNPHI19_INOX_TM",1
CỬA ÚC KT 4.6D KU-GU,TP-UC KT 4.6D KU-GU,TP,B-MƠ HỒ,CUC_UC_KT_4_6D,CỬA ÚC KT 4.6D,"khớp sau khi BỎ đuôi màu/bề mặt (""KU-GU"") — D1 gộp mọi màu/bề mặt vào MỘT mã",1
CỬA ÚC KT 4.6D TR-XLC,TP-UC KT 4.6D TRẮNG-XLC,TP,B-MƠ HỒ,CUC_UC_KT_4_6D,CỬA ÚC KT 4.6D,"khớp sau khi BỎ đuôi màu/bề mặt (""TR-XLC"") — D1 gộp mọi màu/bề mặt vào MỘT mã",1
CỬA ÚC KT 4.6D XN-VK,TP-UC KT 4.6D XN-VK,TP,B-MƠ HỒ,CUC_UC_KT_4_6D,CỬA ÚC KT 4.6D,"khớp sau khi BỎ đuôi màu/bề mặt (""XN-VK"") — D1 gộp mọi màu/bề mặt vào MỘT mã",1
CỬA ÚC KT 4.6D XR-CAFE,TP-UC KT 4.6D XR-CF,TP,B-MƠ HỒ,CUC_UC_KT_4_6D,CỬA ÚC KT 4.6D,"khớp sau khi BỎ đuôi màu/bề mặt (""XR-CAFE"") — D1 gộp mọi màu/bề mặt vào MỘT mã",1
CỬA ÚC KT 4D XN-VK,TP-UC KT 4D XN-VK,TP,B-MƠ HỒ,CUC_UC_KT_4D,CỬA ÚC KT 4D,"khớp sau khi BỎ đuôi màu/bề mặt (""XN-VK"") — D1 gộp mọi màu/bề mặt vào MỘT mã",1
CỬA ÚC KT 5.5D KU-GU,TP-UC KT 5.5D KU-GU,TP,B-MƠ HỒ,CUC_UC_KT_5_5D,CỬA ÚC KT 5.5D,"khớp sau khi BỎ đuôi màu/bề mặt (""KU-GU"") — D1 gộp mọi màu/bề mặt vào MỘT mã",1
CỬA ÚC KT 5.5D TR-XLC,TP-UC KT 5.5D TR-XLC,TP,B-MƠ HỒ,CUC_UC_KT_5_5D,CỬA ÚC KT 5.5D,"khớp sau khi BỎ đuôi màu/bề mặt (""TR-XLC"") — D1 gộp mọi màu/bề mặt vào MỘT mã",1
CỬA ÚC KT 5.5D XN-VK,TP-UC KT 5.5D XN-VK,TP,B-MƠ HỒ,CUC_UC_KT_5_5D,CỬA ÚC KT 5.5D,"khớp sau khi BỎ đuôi màu/bề mặt (""XN-VK"") — D1 gộp mọi màu/bề mặt vào MỘT mã",1
CỬA ÚC KT 5.5D XR-CAFE,TP-UC KT 5.5D XR-CF,TP,B-MƠ HỒ,CUC_UC_KT_5_5D,CỬA ÚC KT 5.5D,"khớp sau khi BỎ đuôi màu/bề mặt (""XR-CAFE"") — D1 gộp mọi màu/bề mặt vào MỘT mã",1
CỬA ÚC KT 6D STĐ MSK,TP-UC KT 6D STĐ MSK,TP,B-MƠ HỒ,CUC_UC_KT_6D,CỬA ÚC KT 6D,"khớp sau khi BỎ đuôi màu/bề mặt (""STĐ MSK"") — D1 gộp mọi màu/bề mặt vào MỘT mã",1
CỬA ÚC MTN 4.6D GU-KU,TP-UC MTN 4.6D GU-KU,TP,B-MƠ HỒ,CUC_UC_MTN_4_6D,CỬA ÚC MTN 4.6D,"khớp sau khi BỎ đuôi màu/bề mặt (""GU-KU"") — D1 gộp mọi màu/bề mặt vào MỘT mã",1
CỬA ÚC MTN 4.6D TR-XLC,TP-UC MTN 4.6D TR-XLC,TP,B-MƠ HỒ,CUC_UC_MTN_4_6D,CỬA ÚC MTN 4.6D,"khớp sau khi BỎ đuôi màu/bề mặt (""TR-XLC"") — D1 gộp mọi màu/bề mặt vào MỘT mã",1
CỬA ÚC MTN 4.6D XN-VK,TP-UC MTN 4.6D XN-VK,TP,B-MƠ HỒ,CUC_UC_MTN_4_6D,CỬA ÚC MTN 4.6D,"khớp sau khi BỎ đuôi màu/bề mặt (""XN-VK"") — D1 gộp mọi màu/bề mặt vào MỘT mã",1
CỬA ÚC MTN 4.6D XR-CF,TP-UC MTN 4.6D XR-CF,TP,B-MƠ HỒ,CUC_UC_MTN_4_6D,CỬA ÚC MTN 4.6D,"khớp sau khi BỎ đuôi màu/bề mặt (""XR-CF"") — D1 gộp mọi màu/bề mặt vào MỘT mã",1
CỬA ÚC MTN 4D XN-VK,TP-UC MTN 4D XN-VK,TP,B-MƠ HỒ,CUC_UC_MTN_4D,CỬA ÚC MTN 4D,"khớp sau khi BỎ đuôi màu/bề mặt (""XN-VK"") — D1 gộp mọi màu/bề mặt vào MỘT mã",1
CỬA ÚC MTN 5.5D GU-KU,TP-UC MTN 5.5D GU-KU,TP,B-MƠ HỒ,CUC_UC_MTN_5_5D,CỬA ÚC MTN 5.5D,"khớp sau khi BỎ đuôi màu/bề mặt (""GU-KU"") — D1 gộp mọi màu/bề mặt vào MỘT mã",1
CỬA ÚC MTN 5.5D TR-XLC,TP-UC MTN 5.5D TR-XLC,TP,B-MƠ HỒ,CUC_UC_MTN_5_5D,CỬA ÚC MTN 5.5D,"khớp sau khi BỎ đuôi màu/bề mặt (""TR-XLC"") — D1 gộp mọi màu/bề mặt vào MỘT mã",1
CỬA ÚC MTN 5.5D XN-VK,TP-UC MTN 5.5D XN-VK,TP,B-MƠ HỒ,CUC_UC_MTN_5_5D,CỬA ÚC MTN 5.5D,"khớp sau khi BỎ đuôi màu/bề mặt (""XN-VK"") — D1 gộp mọi màu/bề mặt vào MỘT mã",1
CỬA ÚC MTN 5.5D XR-CF,TP-UC MTN 5.5D XR-CF,TP,B-MƠ HỒ,CUC_UC_MTN_5_5D,CỬA ÚC MTN 5.5D,"khớp sau khi BỎ đuôi màu/bề mặt (""XR-CF"") — D1 gộp mọi màu/bề mặt vào MỘT mã",1
CỬA ÚC MTN 6D STĐ MSK,TP-UC MTN 6D STD MSK,TP,B-MƠ HỒ,CUC_UC_MTN_6D,CỬA ÚC MTN 6D,"khớp sau khi BỎ đuôi màu/bề mặt (""STĐ MSK"") — D1 gộp mọi màu/bề mặt vào MỘT mã",1
CỬA ĐL1LY XN-VK_TRỌN BỘ >10m²,TP-CUADL1LY XN-VK_TRONBO>10m²,TP,C-KHÔNG THẤY,,,"gợi ý xa: CDL_DLM_1LY, CDL_DLM_8D, CDL_DLM_7D",1
CỬA ĐL1LY XN-VK_TRỌN BỘ_3-4m²,TP-CUADL1LY XN-VK_TRONBO_3-4m²,TP,C-KHÔNG THẤY,,,"gợi ý xa: CDL_DLM_1LY, CDL_DLM_8D, CDL_DLM_7D",1
CỬA ĐL1LY XN-VK_TRỌN BỘ_4-5m²,TP-CUADL1LY XN-VK_TRONBO_4-5m²,TP,C-KHÔNG THẤY,,,"gợi ý xa: CDL_DLM_1LY, CDL_DLM_8D, CDL_DLM_7D",1
CỬA ĐL1LY XN-VK_TRỌN BỘ_5-6m²,TP-CUADL1LY XN-VK_TRONBO_5-6m²,TP,C-KHÔNG THẤY,,,"gợi ý xa: CDL_DLM_1LY, CDL_DLM_8D, CDL_DLM_7D",1
CỬA ĐL1LY XN-VK_TRỌN BỘ_6-7m²,TP-CUADL1LY XN-VK_TRONBO_6-7m²,TP,C-KHÔNG THẤY,,,"gợi ý xa: CDL_DLM_1LY, CDL_DLM_8D, CDL_DLM_7D",1
CỬA ĐL1LY XN-VK_TRỌN BỘ_7-8m²,TP-CUADL1LY XN-VK_TRONBO_7-8m²,TP,C-KHÔNG THẤY,,,"gợi ý xa: CDL_DLM_1LY, CDL_DLM_8D, CDL_DLM_7D",1
CỬA ĐL1LY XN-VK_TRỌN BỘ_8-9m²,TP-CUADL1LY XN-VK_TRONBO_8-9m²,TP,C-KHÔNG THẤY,,,"gợi ý xa: CDL_DLM_1LY, CDL_DLM_8D, CDL_DLM_7D",1
CỬA ĐL1LY XN-VK_TRỌN BỘ_9-10m²,TP-CUADL1LY XN-VK_TRONBO_9-10m²,TP,C-KHÔNG THẤY,,,"gợi ý xa: CDL_DLM_1LY, CDL_DLM_8D, CDL_DLM_7D",1
CỬA ĐL1LY XN-XLC_TRỌN BỘ >10m²,TP-CUADL1LY XN-XLC_TRONBO>10m²,TP,C-KHÔNG THẤY,,,"gợi ý xa: CDL_DLM_1LY, CDL_DLM_8D, CDL_DLM_7D",1
CỬA ĐL1LY XN-XLC_TRỌN BỘ_3-4m²,TP-CUADL1LY XN-XLC_TRONBO_3-4m²,TP,C-KHÔNG THẤY,,,"gợi ý xa: CDL_DLM_1LY, CDL_DLM_8D, CDL_DLM_7D",1
CỬA ĐL1LY XN-XLC_TRỌN BỘ_4-5m²,TP-CUADL1LY XN-XLC_TRONBO_4-5m²,TP,C-KHÔNG THẤY,,,"gợi ý xa: CDL_DLM_1LY, CDL_DLM_8D, CDL_DLM_7D",1
CỬA ĐL1LY XN-XLC_TRỌN BỘ_5-6m²,TP-CUADL1LY XN-XLC_TRONBO_5-6m²,TP,C-KHÔNG THẤY,,,"gợi ý xa: CDL_DLM_1LY, CDL_DLM_8D, CDL_DLM_7D",1
CỬA ĐL1LY XN-XLC_TRỌN BỘ_6-7m²,TP-CUADL1LY XN-XLC_TRONBO_6-7m²,TP,C-KHÔNG THẤY,,,"gợi ý xa: CDL_DLM_1LY, CDL_DLM_8D, CDL_DLM_7D",1
CỬA ĐL1LY XN-XLC_TRỌN BỘ_7-8m²,TP-CUADL1LY XN-XLC_TRONBO_7-8m²,TP,C-KHÔNG THẤY,,,"gợi ý xa: CDL_DLM_1LY, CDL_DLM_8D, CDL_DLM_7D",1
CỬA ĐL1LY XN-XLC_TRỌN BỘ_8-9m²,TP-CUADL1LY XN-XLC_TRONBO_8-9m²,TP,C-KHÔNG THẤY,,,"gợi ý xa: CDL_DLM_1LY, CDL_DLM_8D, CDL_DLM_7D",1
CỬA ĐL1LY XN-XLC_TRỌN BỘ_9-10m²,TP-CUADL1LY XN-XLC_TRONBO_9-10m²,TP,C-KHÔNG THẤY,,,"gợi ý xa: CDL_DLM_1LY, CDL_DLM_8D, CDL_DLM_7D",1
CỬA ĐL6D XN-VK_TRỌN BỘ >10m²,TP-CUADL6D XN-VK_TRONBO>10m²,TP,C-KHÔNG THẤY,,,"gợi ý xa: CDL_DLM_6D, CDL_DLM_8D, CDL_DLM_7D",1
CỬA ĐL6D XN-VK_TRỌN BỘ_3-4m²,TP-CUADL6D XN-VK_TRONBO_3-4m²,TP,C-KHÔNG THẤY,,,"gợi ý xa: CDL_DLM_6D, CDL_DLM_8D, CDL_DLM_7D",1
CỬA ĐL6D XN-VK_TRỌN BỘ_4-5m²,TP-CUADL6D XN-VK_TRONBO_4-5m²,TP,C-KHÔNG THẤY,,,"gợi ý xa: CDL_DLM_6D, CDL_DLM_8D, CDL_DLM_7D",1
CỬA ĐL6D XN-VK_TRỌN BỘ_5-6m²,TP-CUADL6D XN-VK_TRONBO_5-6m²,TP,C-KHÔNG THẤY,,,"gợi ý xa: CDL_DLM_6D, CDL_DLM_8D, CDL_DLM_7D",1
CỬA ĐL6D XN-VK_TRỌN BỘ_6-7m²,TP-CUADL6D XN-VK_TRONBO_6-7m²,TP,C-KHÔNG THẤY,,,"gợi ý xa: CDL_DLM_6D, CDL_DLM_8D, CDL_DLM_7D",1
CỬA ĐL6D XN-VK_TRỌN BỘ_7-8m²,TP-CUADL6D XN-VK_TRONBO_7-8m²,TP,C-KHÔNG THẤY,,,"gợi ý xa: CDL_DLM_6D, CDL_DLM_8D, CDL_DLM_7D",1
CỬA ĐL6D XN-VK_TRỌN BỘ_8-9m²,TP-CUADL6D XN-VK_TRONBO_8-9m²,TP,C-KHÔNG THẤY,,,"gợi ý xa: CDL_DLM_6D, CDL_DLM_8D, CDL_DLM_7D",1
CỬA ĐL6D XN-VK_TRỌN BỘ_9-10m²,TP-CUADL6D XN-VK_TRONBO_9-10m²,TP,C-KHÔNG THẤY,,,"gợi ý xa: CDL_DLM_6D, CDL_DLM_8D, CDL_DLM_7D",1
CỬA ĐL6D XN-XLC_TRỌN BỘ >10m²,TP-CUADL6D XN-XLC_TRONBO>10m²,TP,C-KHÔNG THẤY,,,"gợi ý xa: CDL_DLM_6D, CDL_DLM_8D, CDL_DLM_7D",1
CỬA ĐL6D XN-XLC_TRỌN BỘ_3-4m²,TP-CUADL6D XN-XLC_TRONBO_3-4m²,TP,C-KHÔNG THẤY,,,"gợi ý xa: CDL_DLM_6D, CDL_DLM_8D, CDL_DLM_7D",1
CỬA ĐL6D XN-XLC_TRỌN BỘ_4-5m²,TP-CUADL6D XN-XLC_TRONBO_4-5m²,TP,C-KHÔNG THẤY,,,"gợi ý xa: CDL_DLM_6D, CDL_DLM_8D, CDL_DLM_7D",1
CỬA ĐL6D XN-XLC_TRỌN BỘ_5-6m²,TP-CUADL6D XN-XLC_TRONBO_5-6m²,TP,C-KHÔNG THẤY,,,"gợi ý xa: CDL_DLM_6D, CDL_DLM_8D, CDL_DLM_7D",1
CỬA ĐL6D XN-XLC_TRỌN BỘ_6-7m²,TP-CUADL6D XN-XLC_TRONBO_6-7m²,TP,C-KHÔNG THẤY,,,"gợi ý xa: CDL_DLM_6D, CDL_DLM_8D, CDL_DLM_7D",1
CỬA ĐL6D XN-XLC_TRỌN BỘ_7-8m²,TP-CUADL6D XN-XLC_TRONBO_7-8m²,TP,C-KHÔNG THẤY,,,"gợi ý xa: CDL_DLM_6D, CDL_DLM_8D, CDL_DLM_7D",1
CỬA ĐL6D XN-XLC_TRỌN BỘ_8-9m²,TP-CUADL6D XN-XLC_TRONBO_8-9m²,TP,C-KHÔNG THẤY,,,"gợi ý xa: CDL_DLM_6D, CDL_DLM_8D, CDL_DLM_7D",1
CỬA ĐL6D XN-XLC_TRỌN BỘ_9-10m²,TP-CUADL6D XN-XLC_TRONBO_9-10m²,TP,C-KHÔNG THẤY,,,"gợi ý xa: CDL_DLM_6D, CDL_DLM_8D, CDL_DLM_7D",1
CỬA ĐL7D XN-VK_TRỌN BỘ >10m²,TP-CUADL7D XN-VK_TRONBO>10m²,TP,C-KHÔNG THẤY,,,"gợi ý xa: CDL_DLM_7D, CDL_DLM_8D, CDL_DLM_6D",1
CỬA ĐL7D XN-VK_TRỌN BỘ_3-4m²,TP-CUADL7D XN-VK_TRONBO_3-4m²,TP,C-KHÔNG THẤY,,,"gợi ý xa: CDL_DLM_7D, CDL_DLM_8D, CDL_DLM_6D",1
CỬA ĐL7D XN-VK_TRỌN BỘ_4-5m²,TP-CUADL7D XN-VK_TRONBO_4-5m²,TP,C-KHÔNG THẤY,,,"gợi ý xa: CDL_DLM_7D, CDL_DLM_8D, CDL_DLM_6D",1
CỬA ĐL7D XN-VK_TRỌN BỘ_5-6m²,TP-CUADL7D XN-VK_TRONBO_5-6m²,TP,C-KHÔNG THẤY,,,"gợi ý xa: CDL_DLM_7D, CDL_DLM_8D, CDL_DLM_6D",1
CỬA ĐL7D XN-VK_TRỌN BỘ_6-7m²,TP-CUADL7D XN-VK_TRONBO_6-7m²,TP,C-KHÔNG THẤY,,,"gợi ý xa: CDL_DLM_7D, CDL_DLM_8D, CDL_DLM_6D",1
CỬA ĐL7D XN-VK_TRỌN BỘ_7-8m²,TP-CUADL7D XN-VK_TRONBO_7-8m²,TP,C-KHÔNG THẤY,,,"gợi ý xa: CDL_DLM_7D, CDL_DLM_8D, CDL_DLM_6D",1
CỬA ĐL7D XN-VK_TRỌN BỘ_8-9m²,TP-CUADL7D XN-VK_TRONBO_8-9m²,TP,C-KHÔNG THẤY,,,"gợi ý xa: CDL_DLM_7D, CDL_DLM_8D, CDL_DLM_6D",1
CỬA ĐL7D XN-VK_TRỌN BỘ_9-10m²,TP-CUADL7D XN-VK_TRONBO_9-10m²,TP,C-KHÔNG THẤY,,,"gợi ý xa: CDL_DLM_7D, CDL_DLM_8D, CDL_DLM_6D",1
CỬA ĐL7D XN-XLC_TRỌN BỘ >10m²,TP-CUADL7D XN-XLC_TRONBO>10m²,TP,C-KHÔNG THẤY,,,"gợi ý xa: CDL_DLM_7D, CDL_DLM_8D, CDL_DLM_6D",1
CỬA ĐL7D XN-XLC_TRỌN BỘ_3-4m²,TP-CUADL7D XN-XLC_TRONBO_3-4m²,TP,C-KHÔNG THẤY,,,"gợi ý xa: CDL_DLM_7D, CDL_DLM_8D, CDL_DLM_6D",1
CỬA ĐL7D XN-XLC_TRỌN BỘ_4-5m²,TP-CUADL7D XN-XLC_TRONBO_4-5m²,TP,C-KHÔNG THẤY,,,"gợi ý xa: CDL_DLM_7D, CDL_DLM_8D, CDL_DLM_6D",1
CỬA ĐL7D XN-XLC_TRỌN BỘ_5-6m²,TP-CUADL7D XN-XLC_TRONBO_5-6m²,TP,C-KHÔNG THẤY,,,"gợi ý xa: CDL_DLM_7D, CDL_DLM_8D, CDL_DLM_6D",1
CỬA ĐL7D XN-XLC_TRỌN BỘ_6-7m²,TP-CUADL7D XN-XLC_TRONBO_6-7m²,TP,C-KHÔNG THẤY,,,"gợi ý xa: CDL_DLM_7D, CDL_DLM_8D, CDL_DLM_6D",1
CỬA ĐL7D XN-XLC_TRỌN BỘ_7-8m²,TP-CUADL7D XN-XLC_TRONBO_7-8m²,TP,C-KHÔNG THẤY,,,"gợi ý xa: CDL_DLM_7D, CDL_DLM_8D, CDL_DLM_6D",1
CỬA ĐL7D XN-XLC_TRỌN BỘ_8-9m²,TP-CUADL7D XN-XLC_TRONBO_8-9m²,TP,C-KHÔNG THẤY,,,"gợi ý xa: CDL_DLM_7D, CDL_DLM_8D, CDL_DLM_6D",1
CỬA ĐL7D XN-XLC_TRỌN BỘ_9-10m²,TP-CUADL7D XN-XLC_TRONBO_9-10m²,TP,C-KHÔNG THẤY,,,"gợi ý xa: CDL_DLM_7D, CDL_DLM_8D, CDL_DLM_6D",1
CỬA ĐL8D XN-VK_TRỌN BỘ >10m²,TP-CUADL8D XN-VK_TRONBO>10m²,TP,C-KHÔNG THẤY,,,"gợi ý xa: CDL_DLM_8D, CDL_DLM_7D, CDL_DLM_6D",1
CỬA ĐL8D XN-VK_TRỌN BỘ_3-4m²,TP-CUADL8D XN-VK_TRONBO_3-4m²,TP,C-KHÔNG THẤY,,,"gợi ý xa: CDL_DLM_8D, CDL_DLM_7D, CDL_DLM_6D",1
CỬA ĐL8D XN-VK_TRỌN BỘ_4-5m²,TP-CUADL8D XN-VK_TRONBO_4-5m²,TP,C-KHÔNG THẤY,,,"gợi ý xa: CDL_DLM_8D, CDL_DLM_7D, CDL_DLM_6D",1
CỬA ĐL8D XN-VK_TRỌN BỘ_5-6m²,TP-CUADL8D XN-VK_TRONBO_5-6m²,TP,C-KHÔNG THẤY,,,"gợi ý xa: CDL_DLM_8D, CDL_DLM_7D, CDL_DLM_6D",1
CỬA ĐL8D XN-VK_TRỌN BỘ_6-7m²,TP-CUADL8D XN-VK_TRONBO_6-7m²,TP,C-KHÔNG THẤY,,,"gợi ý xa: CDL_DLM_8D, CDL_DLM_7D, CDL_DLM_6D",1
CỬA ĐL8D XN-VK_TRỌN BỘ_7-8m²,TP-CUADL8D XN-VK_TRONBO_7-8m²,TP,C-KHÔNG THẤY,,,"gợi ý xa: CDL_DLM_8D, CDL_DLM_7D, CDL_DLM_6D",1
CỬA ĐL8D XN-VK_TRỌN BỘ_8-9m²,TP-CUADL8D XN-VK_TRONBO_8-9m²,TP,C-KHÔNG THẤY,,,"gợi ý xa: CDL_DLM_8D, CDL_DLM_7D, CDL_DLM_6D",1
CỬA ĐL8D XN-VK_TRỌN BỘ_9-10m²,TP-CUADL8D XN-VK_TRONBO_9-10m²,TP,C-KHÔNG THẤY,,,"gợi ý xa: CDL_DLM_8D, CDL_DLM_7D, CDL_DLM_6D",1
CỬA ĐL8D XN-XLC_TRỌN BỘ >10m²,TP-CUADL8D XN-XLC_TRONBO>10m²,TP,C-KHÔNG THẤY,,,"gợi ý xa: CDL_DLM_8D, CDL_DLM_7D, CDL_DLM_6D",1
CỬA ĐL8D XN-XLC_TRỌN BỘ_3-4m²,TP-CUADL8D XN-XLC_TRONBO_3-4m²,TP,C-KHÔNG THẤY,,,"gợi ý xa: CDL_DLM_8D, CDL_DLM_7D, CDL_DLM_6D",1
CỬA ĐL8D XN-XLC_TRỌN BỘ_4-5m²,TP-CUADL8D XN-XLC_TRONBO_4-5m²,TP,C-KHÔNG THẤY,,,"gợi ý xa: CDL_DLM_8D, CDL_DLM_7D, CDL_DLM_6D",1
CỬA ĐL8D XN-XLC_TRỌN BỘ_5-6m²,TP-CUADL8D XN-XLC_TRONBO_5-6m²,TP,C-KHÔNG THẤY,,,"gợi ý xa: CDL_DLM_8D, CDL_DLM_7D, CDL_DLM_6D",1
CỬA ĐL8D XN-XLC_TRỌN BỘ_6-7m²,TP-CUADL8D XN-XLC_TRONBO_6-7m²,TP,C-KHÔNG THẤY,,,"gợi ý xa: CDL_DLM_8D, CDL_DLM_7D, CDL_DLM_6D",1
CỬA ĐL8D XN-XLC_TRỌN BỘ_7-8m²,TP-CUADL8D XN-XLC_TRONBO_7-8m²,TP,C-KHÔNG THẤY,,,"gợi ý xa: CDL_DLM_8D, CDL_DLM_7D, CDL_DLM_6D",1
CỬA ĐL8D XN-XLC_TRỌN BỘ_8-9m²,TP-CUADL8D XN-XLC_TRONBO_8-9m²,TP,C-KHÔNG THẤY,,,"gợi ý xa: CDL_DLM_8D, CDL_DLM_7D, CDL_DLM_6D",1
CỬA ĐL8D XN-XLC_TRỌN BỘ_9-10m²,TP-CUADL8D XN-XLC_TRONBO_9-10m²,TP,C-KHÔNG THẤY,,,"gợi ý xa: CDL_DLM_8D, CDL_DLM_7D, CDL_DLM_6D",1
CỬA ĐỨC KÉO TAY AL70 (1 LỚP),TP-DUC-KT AL70 STĐ MSK,TP,A-KHỚP,CDUC_DUC_KT_AL70,CỬA ĐỨC KÉO TAY AL70 (1 LỚP),trùng TÊN,1
CỬA ĐỨC KÉO TAY AL70 (2 LỚP),TP-DUC-KT AL70 (2 LỚP) STĐ MSK,TP,A-KHỚP,CDUC_DUC_KT_AL70_2_LOP,CỬA ĐỨC KÉO TAY AL70 (2 LỚP),trùng TÊN,1
Daydien_phimamtuongcoday,NVL_Daydien_PATCD,NVL,A-KHỚP,LKMT_DAYDIEN_PATCD,DÂY ĐIỆN PHÍM ÂM TƯỜNG,trùng ĐUÔI MÃ + tên giống 0.83,1
GIÁ T - CỬA ĐỨC KÉO TAY AL70 (1 LỚP),NVL-GIAT,NVL,A-KHỚP,PKC_GIAT,GIÁ T,trùng TÊN (sau khi bỏ đuôi tên thành phẩm cha),1
GỐI GANG,TP-GOIGANG,TP,A-KHỚP,PKC_GOIGANG,GỐI GANG,trùng TÊN,1
GỐI GANG,TP-GOIGANG,NVL,A-KHỚP,PKC_GOIGANG,GỐI GANG,trùng TÊN,1
GỐI SẮT - CỬA ĐỨC KÉO TAY AL70 (1 LỚP),NVL-GOIFE,NVL,A-KHỚP,PKC_GOIFE,GỐI SẮT,trùng TÊN (sau khi bỏ đuôi tên thành phẩm cha),1
HH LÁ ĐÀI LOAN STĐ 1.2LY,TP-TOLEKEM124_1.2LY,TP,C-KHÔNG THẤY,,,"gợi ý xa: LA_DLK_1_1LY, LA_DLK_1LY, TON_DLM_1LY_K124",1
HỘP ĐIỀU KHIỂN MULLER,TP-HDK_MULLER,NVL,A-KHỚP,PKC_MULLER,HỘP ĐIỀU KHIỂN MULLER,trùng TÊN,1
JG_BỘ ĐIỀU KHIỂN,JG_BODK,TP,A-KHỚP,DK_JG,JG BỘ ĐIỀU KHIỂN,trùng TÊN,1
JG_KHÔNG BỘ ĐIỀU KHIỂN,TRU-TP_KHONGBDK_JG,TP,C-KHÔNG THẤY,,,"gợi ý xa: DK_JG, DK_YHTAIWAN, DK_CHTAIWAN",1
JG_KHÔNG BỘ ĐIỀU KHIỂN+KHÔNG LẮC,TRU-TP_KHONGBDK_KHONGLAC_JG,TP,C-KHÔNG THẤY,,,"gợi ý xa: DK_JG, DK_YHLD, PKD_HOP_YHLD",1
JG_KHÔNG LẮC,TRU-TP_KHONGLAC_JG,NVL,C-KHÔNG THẤY,,,không có ứng viên nào,1
JG_LacJG33,TP-LacJG33,NVL,A-KHỚP,LKMT_LACJG33,JG LacJG33,trùng TÊN,1
JG_LacJG800KG,TP-LacJG800KG,NVL,C-KHÔNG THẤY,,,"gợi ý xa: LKMT_LACJG1000_1500KG, LKMT_LACJG33, MT_JG800KG",1
JG_Thân 1000KG,TP-JG-Than1000kg,NVL,C-KHÔNG THẤY,,,"gợi ý xa: LKMT_YHTAIWAN_THAN1000KG, MT_TANKER1000KG, LKMT_TANKER_LAC800_1000KG",1
JG_Thân 1500KG,TP-JG-Than1500kg,NVL,C-KHÔNG THẤY,,,"gợi ý xa: LKMT_YHTAIWAN_THAN500KG, LKMT_LACJG1000_1500KG, LKMT_YHTAIWAN_THAN1000KG",1
JG_Thân 300KG,TP-JG-Than300kg,NVL,C-KHÔNG THẤY,,,"gợi ý xa: LKMT_YHTAIWAN_THAN300KG, LKMT_YHTAIWAN_THAN800KG, LKMT_YHTAIWAN_THAN700KG",1
JG_Thân 400KG,TP-JG-Than400kg,NVL,C-KHÔNG THẤY,,,"gợi ý xa: LKMT_YHTAIWAN_THAN400KG, MT_TANKER400KG, LKMT_YHTAIWAN_THAN800KG",1
JG_Thân 500KG,TP-JG-Than500kg,NVL,C-KHÔNG THẤY,,,"gợi ý xa: LKMT_YHTAIWAN_THAN500KG, LKMT_YHTAIWAN_THAN800KG, LKMT_YHTAIWAN_THAN700KG",1
JG_Thân 600KG,TP-JG-Than600kg,NVL,C-KHÔNG THẤY,,,"gợi ý xa: LKMT_YHTAIWAN_THAN600KG, MT_TANKER600KG, LKMT_YHTAIWAN_THAN800KG",1
JG_Thân 800KG,TP-JG-Than800kg,NVL,C-KHÔNG THẤY,,,"gợi ý xa: LKMT_YHTAIWAN_THAN800KG, MT_TANKE800KG, LKMT_YHTAIWAN_THAN700KG",1
LÁ TÔN 4D XN-VK,NVL-TON3.8D-XN-VK,NVL,C-KHÔNG THẤY,,,không có ứng viên nào,1
LÁ TÔN 4D XN-VK,NVL-TON3.8D-GU KU,NVL,C-KHÔNG THẤY,,,không có ứng viên nào,1
LÁ TÔN 5.2D TR-XLC,NVL-TOLE0.42x598-TR-XLC,NVL,C-KHÔNG THẤY,,,không có ứng viên nào,1
LÁ YẾM,NVL-TOLEKEM70_8D-YEMMV,NVL,A-KHỚP,LA_TD327,LÁ YẾM,trùng TÊN,1
LÁ ĐÀI LOAN STĐ 1.2LY,NVL-TOLEKEM124_1LY,NVL,C-KHÔNG THẤY,,,"gợi ý xa: LA_DLK_1_1LY, LA_DLK_1LY, LA_DLK_1_2LY_K175",1
LÁ ĐÀI LOAN STĐ 1.2LY_MSK,NVL-TOLEKEM124_1LY_MSK,TP,C-KHÔNG THẤY,,,"gợi ý xa: LA_DLK_1_2LY_K175, LA_DLK_1_2LY, LA_DLK_1_1LY",1
LÁ ĐÀI LOAN STĐ MSK 1.2LY_TRỌN BỘ 3-4m²,TP-TOLEKEM124_1LY_TRONBO_3-4m²_MSK,TP,C-KHÔNG THẤY,,,"gợi ý xa: LA_DLK_1_2LY_TRONBO, LA_DLK_1LY_TRONBO, LA_DLK_8D_TRONBO",1
LÁ ĐÀI LOAN STĐ MSK 1.2LY_TRỌN BỘ 4-5m²,TP-TOLEKEM124_1LY_TRONBO_4-5m²_MSK,TP,C-KHÔNG THẤY,,,"gợi ý xa: LA_DLK_1_2LY_TRONBO, LA_DLK_1LY_TRONBO, LA_DLK_8D_TRONBO",1
LÁ ĐÀI LOAN STĐ MSK 1.2LY_TRỌN BỘ 5-6m²,TP-TOLEKEM124_1LY_TRONBO_5-6m²_MSK,TP,C-KHÔNG THẤY,,,"gợi ý xa: LA_DLK_1_2LY_TRONBO, LA_DLK_1LY_TRONBO, LA_DLK_8D_TRONBO",1
LÁ ĐÀI LOAN STĐ MSK 1.2LY_TRỌN BỘ 6-7m²,TP-TOLEKEM124_1LY_TRONBO_6-7m²_MSK,TP,C-KHÔNG THẤY,,,"gợi ý xa: LA_DLK_1_2LY_TRONBO, LA_DLK_1LY_TRONBO, LA_DLK_8D_TRONBO",1
LÁ ĐÀI LOAN STĐ MSK 1.2LY_TRỌN BỘ 7-8m²,TP-TOLEKEM124_1LY_TRONBO_7-8m²_MSK,TP,C-KHÔNG THẤY,,,"gợi ý xa: LA_DLK_1_2LY_TRONBO, LA_DLK_1LY_TRONBO, LA_DLK_8D_TRONBO",1
LÁ ĐÀI LOAN STĐ MSK 1.2LY_TRỌN BỘ 8-9m²,TP-TOLEKEM124_1LY_TRONBO_8-9m²_MSK,TP,C-KHÔNG THẤY,,,"gợi ý xa: LA_DLK_1_2LY_TRONBO, LA_DLK_1LY_TRONBO, LA_DLK_8D_TRONBO",1
LÁ ĐÀI LOAN STĐ MSK 1.2LY_TRỌN BỘ 9-10m²,TP-TOLEKEM124_1LY_TRONBO_9-10m²_MSK,TP,C-KHÔNG THẤY,,,"gợi ý xa: LA_DLK_1_2LY_TRONBO, LA_DLK_1LY_TRONBO, LA_DLK_8D_TRONBO",1
LÁ ĐÀI LOAN STĐ MSK 1.2LY_TRỌN BỘ >10m²,TP-TOLEKEM124_1LY_TRONBO>10m²_MSK,TP,C-KHÔNG THẤY,,,"gợi ý xa: LA_DLK_1_2LY_TRONBO, LA_DLK_1LY_TRONBO, LA_DLK_8D_TRONBO",1
LÁ ĐÀI LOAN STĐ MSK 1LY_TRỌN BỘ 3-4m²,TP-TOLEKEM124_8D_TRONBO_3-4m²_MSK,TP,C-KHÔNG THẤY,,,"gợi ý xa: LA_DLK_1LY_TRONBO, LA_DLK_1_2LY_TRONBO, LA_DLK_8D_TRONBO",1
LÁ ĐÀI LOAN STĐ MSK 1LY_TRỌN BỘ 4-5m²,TP-TOLEKEM124_8D_TRONBO_4-5m²_MSK,TP,C-KHÔNG THẤY,,,"gợi ý xa: LA_DLK_1LY_TRONBO, LA_DLK_1_2LY_TRONBO, LA_DLK_8D_TRONBO",1
LÁ ĐÀI LOAN STĐ MSK 1LY_TRỌN BỘ 5-6m²,TP-TOLEKEM124_8D_TRONBO_5-6m²_MSK,TP,C-KHÔNG THẤY,,,"gợi ý xa: LA_DLK_1LY_TRONBO, LA_DLK_1_2LY_TRONBO, LA_DLK_8D_TRONBO",1
LÁ ĐÀI LOAN STĐ MSK 1LY_TRỌN BỘ 6-7m²,TP-TOLEKEM124_8D_TRONBO_6-7m²_MSK,TP,C-KHÔNG THẤY,,,"gợi ý xa: LA_DLK_1LY_TRONBO, LA_DLK_1_2LY_TRONBO, LA_DLK_8D_TRONBO",1
LÁ ĐÀI LOAN STĐ MSK 1LY_TRỌN BỘ 7-8m²,TP-TOLEKEM124_8D_TRONBO_7-8m²_MSK,TP,C-KHÔNG THẤY,,,"gợi ý xa: LA_DLK_1LY_TRONBO, LA_DLK_1_2LY_TRONBO, LA_DLK_8D_TRONBO",1
LÁ ĐÀI LOAN STĐ MSK 1LY_TRỌN BỘ 8-9m²,TP-TOLEKEM124_8D_TRONBO_8-9m²_MSK,TP,C-KHÔNG THẤY,,,"gợi ý xa: LA_DLK_1LY_TRONBO, LA_DLK_1_2LY_TRONBO, LA_DLK_8D_TRONBO",1
LÁ ĐÀI LOAN STĐ MSK 1LY_TRỌN BỘ 9-10m²,TP-TOLEKEM124_8D_TRONBO_9-10m²_MSK,TP,C-KHÔNG THẤY,,,"gợi ý xa: LA_DLK_1LY_TRONBO, LA_DLK_1_2LY_TRONBO, LA_DLK_8D_TRONBO",1
LÁ ĐÀI LOAN STĐ MSK 1LY_TRỌN BỘ >10m²,TP-TOLEKEM124_8D_TRONBO>10m²_MSK,TP,C-KHÔNG THẤY,,,"gợi ý xa: LA_DLK_1LY_TRONBO, LA_DLK_1_2LY_TRONBO, LA_DLK_8D_TRONBO",1
LÁ ĐÀI LOAN STĐ MSK 8D_TRỌN BỘ 3-4m²,TP-TOLEKEM124_6D_TRONBO_3-4m²_MSK,TP,C-KHÔNG THẤY,,,"gợi ý xa: LA_DLK_8D_TRONBO, LA_DLK_1_2LY_TRONBO, LA_DLK_1LY_TRONBO",1
LÁ ĐÀI LOAN STĐ MSK 8D_TRỌN BỘ 4-5m²,TP-TOLEKEM124_6D_TRONBO_4-5m²_MSK,TP,C-KHÔNG THẤY,,,"gợi ý xa: LA_DLK_8D_TRONBO, LA_DLK_1_2LY_TRONBO, LA_DLK_1LY_TRONBO",1
LÁ ĐÀI LOAN STĐ MSK 8D_TRỌN BỘ 5-6m²,TP-TOLEKEM124_6D_TRONBO_5-6m²_MSK,TP,C-KHÔNG THẤY,,,"gợi ý xa: LA_DLK_8D_TRONBO, LA_DLK_1_2LY_TRONBO, LA_DLK_1LY_TRONBO",1
LÁ ĐÀI LOAN STĐ MSK 8D_TRỌN BỘ 6-7m²,TP-TOLEKEM124_6D_TRONBO_6-7m²_MSK,TP,C-KHÔNG THẤY,,,"gợi ý xa: LA_DLK_8D_TRONBO, LA_DLK_1_2LY_TRONBO, LA_DLK_1LY_TRONBO",1
LÁ ĐÀI LOAN STĐ MSK 8D_TRỌN BỘ 7-8m²,TP-TOLEKEM124_6D_TRONBO_7-8m²_MSK,TP,C-KHÔNG THẤY,,,"gợi ý xa: LA_DLK_8D_TRONBO, LA_DLK_1_2LY_TRONBO, LA_DLK_1LY_TRONBO",1
LÁ ĐÀI LOAN STĐ MSK 8D_TRỌN BỘ 8-9m²,TP-TOLEKEM124_6D_TRONBO_8-9m²_MSK,TP,C-KHÔNG THẤY,,,"gợi ý xa: LA_DLK_8D_TRONBO, LA_DLK_1_2LY_TRONBO, LA_DLK_1LY_TRONBO",1
LÁ ĐÀI LOAN STĐ MSK 8D_TRỌN BỘ 9-10m²,TP-TOLEKEM124_6D_TRONBO_9-10m²_MSK,TP,C-KHÔNG THẤY,,,"gợi ý xa: LA_DLK_8D_TRONBO, LA_DLK_1_2LY_TRONBO, LA_DLK_1LY_TRONBO",1
LÁ ĐÀI LOAN STĐ MSK 8D_TRỌN BỘ >10m²,TP-TOLEKEM124_6D_TRONBO>10m²_MSK,TP,C-KHÔNG THẤY,,,"gợi ý xa: LA_DLK_8D_TRONBO, LA_DLK_1_2LY_TRONBO, LA_DLK_1LY_TRONBO",1
LÒ XO 65V,NVL-LV-7.0 x 90 x 65V,NVL,A-KHỚP,PKC_LV_7.0_X_90_X_65V,HH LÒ XO 65V,trùng ĐUÔI MÃ + tên giống 0.86,1
LÒ XO 68V,NVL-LV-6.5 x 80 x 68V,NVL,A-KHỚP,PKC_LV_6.5_X_80_X_68V,HH LÒ XO 68V,trùng ĐUÔI MÃ + tên giống 0.86,1
LÒ XO 73V,NVL-LV-7.0 x 90 x 73V,NVL,A-KHỚP,PKC_LV_7.0_X_90_X_73V,HH LÒ XO 73V,trùng ĐUÔI MÃ + tên giống 0.86,1
Lá đầu (kg) + Bộ 03 lá đáy (kg),NVL-LD-3LD,NVL,C-KHÔNG THẤY,,,không có ứng viên nào,1
LƯỚI SN PHI 13X26 INOX - TRỌN BỘ,TP-LUOI-SN13x26-INOX - TRONBO,TP,A-KHỚP,CLUOI_LUOI_SN13X26_INOX_TRONBO,LƯỚI SN PHI 13X26 INOX TRỌN BỘ,trùng TÊN,1
LƯỚI SN PHI 13X26 STĐ - TRỌN  BỘ,TP-LUOI-SN13x26-STD - TRONBO,TP,B-MƠ HỒ,CLUOI_LUOI_SN13X26_INOX_TRONBO,LƯỚI SN PHI 13X26 INOX TRỌN BỘ,chỉ gần đúng tên (0.88),1
LƯỚI SN PHI 13X26 STĐ - TÁCH MÓN,TP-LUOI-SN13x26-STD - TACHMON,TP,C-KHÔNG THẤY,,,"gợi ý xa: CLUOI_LUOI_SN13X26_TACHMON, CLUOI_LUOI_SN13X26_INOX_TACHMON, CLUOI_LUOI_SN_TM",1
MOTOR ALUMAX 400KG,TP-MT-ALUMAX400KG,TP,A-KHỚP,MT_ALUMAX400KG,MOTOR ALUMAX 400KG,trùng TÊN,1
MOTOR ALUMAX 600KG,TP-MT-ALUMAX600KG,TP,A-KHỚP,MT_ALUMAX600KG,MOTOR ALUMAX 600KG,trùng TÊN,1
MOTOR JG 1000KG,TP-MT-JG1000KG,TP,A-KHỚP,MT_JG1000KG,MOTOR JG 1000KG,trùng TÊN,1
MOTOR JG 1500KG,TP-MT-JG1500KG,TP,A-KHỚP,MT_JG1500KG,MOTOR JG 1500KG,trùng TÊN,1
MOTOR JG 300KG,TP-MT-JG300KG,TP,A-KHỚP,MT_JG300KG,MOTOR JG 300KG,trùng TÊN,1
MOTOR JG 400KG,TP-MT-JG400KG,TP,A-KHỚP,MT_JG400KG,MOTOR JG 400KG,trùng TÊN,1
MOTOR JG 500KG,TP-MT-JG500KG,TP,A-KHỚP,MT_JG500KG,MOTOR JG 500KG,trùng TÊN,1
MOTOR JG 600KG,TP-MT-JG600KG,TP,A-KHỚP,MT_JG600KG,MOTOR JG 600KG,trùng TÊN,1
MOTOR JG 800KG,TP-MT-JG800KG,TP,A-KHỚP,MT_JG800KG,MOTOR JG 800KG,trùng TÊN,1
MOTOR TANKER 400KG,TP-MT-TANKER400KG,TP,A-KHỚP,MT_TANKER400KG,MOTOR TANKER 400KG,trùng TÊN,1
MOTOR TANKER 600KG,TP-MT-TANKER600KG,TP,A-KHỚP,MT_TANKER600KG,MOTOR TANKER 600KG,trùng TÊN,1
MOTOR TANKER 800KG,TP-MT-TANKE800KG,TP,A-KHỚP,MT_TANKE800KG,MOTOR TANKER 800KG,trùng TÊN,1
MOTOR TANKER1000KG,TP-MT-TANKER1000KG,TP,B-MƠ HỒ,,,"nhiều ứng viên gần đúng: MT_TANKER1000KG, MT_TANKE800KG, MT_TANKER600KG",1
MOTOR YHLD 1000KG,TP-MT-YHLD1000KG,TP,A-KHỚP,MT_YHLD1000KG,MOTOR YHLD 1000KG,trùng TÊN,1
MOTOR YHLD 300KG,TP-MT-YHLD300KG,TP,A-KHỚP,MT_YHLD300KG,MOTOR YHLD 300KG,trùng TÊN,1
MOTOR YHLD 500KG,TP-MT-YHLD500KG,TP,A-KHỚP,MT_YHLD500KG,MOTOR YHLD 500KG,trùng TÊN,1
MOTOR YHLD 800KG,TP-MT-YHLD800KG,TP,A-KHỚP,MT_YHLD800KG,MOTOR YHLD 800KG,trùng TÊN,1
NVL Ổ KHÓA,NVL-OKHOA,NVL,B-MƠ HỒ,PKC_OKHOA,Ổ KHÓA NGANG,trùng ĐUÔI MÃ nhưng TÊN lệch (D1: Ổ KHÓA NGANG) — cần chốt,1
NVL-BẮN BƯỚM SẮT,TP-BUOMSAT,NVL,C-KHÔNG THẤY,,,"gợi ý xa: PKC_BANBUOM_FE, PKC_BANBUOM_INOX",1
NVL-TOLEKEM124_6D,NVL-TOLEKEM124_6D,NVL,C-KHÔNG THẤY,,,không có ứng viên nào,1
NVL-TOLEKEM124_8D,NVL-TOLEKEM124_8D,NVL,C-KHÔNG THẤY,,,không có ứng viên nào,1
PHÍM ÂM TƯỜNG CÓ DÂY,TP_PAT_CODAY,TP,A-KHỚP,LKMT_PAT_CODAY,PHÍM ÂM TƯỜNG CÓ DÂY,trùng TÊN,1
PHÍM ÂM TƯỜNG KHÔNG DÂY,TP_PAT_KHONGDAY,NVL,A-KHỚP,LKMT_PAT_KHONGDAY,PHÍM ÂM TƯỜNG KHÔNG DÂY,trùng TÊN,1
PHỤ THU-TANKER_ALUMAX_LẮC 36,TP-Tanker-Alumax-Lac36,NVL,A-KHỚP,LKMT_TANKER_ALUMAX_LAC36,LẮC TANKER ALUMAX 36,trùng ĐUÔI MÃ + tên giống 0.81,1
PULY UC 34,NVL-PULYUC34,NVL,A-KHỚP,PKC_PULYUC34,PULY ÚC 34,trùng TÊN,1
Puly đen (cái),NVL-PULY-DEN,NVL,B-MƠ HỒ,PKDUC_PULY_DEN,PULY ĐEN CUỘN CỬA ĐỨC,trùng ĐUÔI MÃ nhưng TÊN lệch (D1: PULY ĐEN CUỘN CỬA ĐỨC) — cần chốt,1
RAY SẮT (CÓ RON) - 10P_1.2ly,NVL-TOLE1.4x270x1.2ly-CRON,NVL,C-KHÔNG THẤY,,,"gợi ý xa: RT_RAY_U70_RON, RT_RAY_U100_1.2LY_RON, RT_RAY_U100_RON",1
RAY SẮT (CÓ RON) - 10P_1.4ly,NVL-TOLE1.4x270x1.4ly-CRON,NVL,C-KHÔNG THẤY,,,"gợi ý xa: RT_RAY_U70_RON, RT_RAY_U100_1.4LY_RON, RT_RAY_U100_RON",1
RAY SẮT (CÓ RON+TỰ DỪNG) - 10P_1.4ly,NVL-TOLE1.4x270x1.4ly-CRON+TD,NVL,C-KHÔNG THẤY,,,gợi ý xa: RT_RAY_U100_1.4LY_RON_TD,1
RAY SẮT (KHÔNG RON) - 10P_1.2ly,NVL-TOLE1.4x270x1.2ly-KRON,NVL,C-KHÔNG THẤY,,,"gợi ý xa: RT_RAY_U70_KRON, RT_RAY_U100_KRON, RT_RAY_U100_1.4LY_KRON",1
RAY SẮT (KHÔNG RON) - 10P_1.4ly,NVL-TOLE1.4x270x1.4ly-KRON,NVL,C-KHÔNG THẤY,,,"gợi ý xa: RT_RAY_U70_KRON, RT_RAY_U100_KRON, RT_RAY_U100_1.4LY_KRON",1
RON ĐÁY ÚC,RONDAYUC,NVL,A-KHỚP,PKC_RONDAYUC,RON ĐÁY ÚC,trùng TÊN,1
RONNHUAVANGCẢNHAY_RSU100,RONNHUAVANGCẢNHAY_RSU100,NVL,A-KHỚP,PKC_RONNHUAVANGCANHAY_RSU100,RONNHUAVANGCANHAY RSU100,trùng TÊN,1
Ron inox đáy ray,RNINOX-DR,NVL,A-KHỚP,RT_RINOX_DR,RON INOX ĐÁY RAY,trùng TÊN,1
Ron inox đáy ray,NVL-RNINOX-DR,NVL,A-KHỚP,RT_RINOX_DR,RON INOX ĐÁY RAY,trùng TÊN,1
Ron nhựa đáy ray,RNHUA-DR,NVL,A-KHỚP,RT_RNHUA_DR,RON NHỰA ĐÁY RAY,trùng TÊN,1
Ron nhựa đáy ray,NVL-RNHUA-DR,NVL,A-KHỚP,RT_RNHUA_DR,RON NHỰA ĐÁY RAY,trùng TÊN,1
Ron đáy đức (kg),NVL-RON-DD,NVL,A-KHỚP,PKC_RON_DD,RON ĐÁY ĐỨC,trùng ĐUÔI MÃ + tên giống 0.88,1
Ron đáy đức (kg) - CỬA ĐỨC KÉO TAY AL70 (1 LỚP),NVL-RON-DD,NVL,A-KHỚP,PKC_RON_DD,RON ĐÁY ĐỨC,trùng ĐUÔI MÃ + tên giống 0.88 (sau khi bỏ đuôi tên thành phẩm cha),1
TANKER_ALUMAX_ KHÔNG BỘ ĐIỀU KHIỂN,TRU-TP_KHONGBDK_TANKER-ALUMAX,TP,C-KHÔNG THẤY,,,"gợi ý xa: DK_YHTAIWAN, DK_CHTAIWAN, DK_JG",1
TANKER_ALUMAX_BỘ ĐIỀU KHIỂN,TP-TANKER_ALUMAX_BODK,TP,A-KHỚP,DK_TANKER_ALUMAX_BODK,BỘ ĐK TANKER ALUMAX,trùng ĐUÔI MÃ + tên giống 0.70,1
TANKER_ALUMAX_KHÔNG BỘ ĐIỀU KHIỂN+KHÔNG LẮC,TRU-TP_KHONGBDK_TANKER-ALUMAX,TP,C-KHÔNG THẤY,,,"gợi ý xa: LKMT_TANKER_ALUMAX, DK_TANKER_ALUMAX_BODK, DK_BDK_TANKER_ALUMAX",1
TANKER_ALUMAX_KHÔNG LẮC 33,TRU-TP_KHONGLAC_TANKER-ALUMAX,NVL,C-KHÔNG THẤY,,,"gợi ý xa: LKMT_TANKER_ALUMAX_LAC33, LKMT_TANKER_ALUMAX_LAC36, DK_BDK_TANKER_ALUMAX",1
TANKER_ALUMAX_Lac33,TP-Tanker-Alumax-Lac33,NVL,A-KHỚP,LKMT_TANKER_ALUMAX_LAC33,LẮC TANKER ALUMAX 33,trùng ĐUÔI MÃ + tên giống 0.82,1
TANKER_Thân 1000KG,TP-Tanker-Than1000kg,NVL,C-KHÔNG THẤY,,,"gợi ý xa: LKMT_YHTAIWAN_THAN1000KG, LKMT_TANKER_LAC800_1000KG, LKMT_YHTAIWAN_THAN800KG",1
TANKER_Thân 400KG,TP-Tanker-Than400kg,NVL,C-KHÔNG THẤY,,,"gợi ý xa: LKMT_YHTAIWAN_THAN400KG, LKMT_YHTAIWAN_THAN800KG, LKMT_YHTAIWAN_THAN700KG",1
TANKER_Thân 600KG,TP-Tanker-Than600kg,NVL,C-KHÔNG THẤY,,,"gợi ý xa: LKMT_YHTAIWAN_THAN600KG, LKMT_YHTAIWAN_THAN800KG, LKMT_YHTAIWAN_THAN700KG",1
TANKER_Thân 800KG,TP-Tanker-Than800kg,NVL,C-KHÔNG THẤY,,,"gợi ý xa: LKMT_YHTAIWAN_THAN800KG, LKMT_YHTAIWAN_THAN700KG, LKMT_YHTAIWAN_THAN600KG",1
TI INOX,NVL-TIINOX,NVL,B-MƠ HỒ,PKC_TIINOX,TI KHÓA NGANG,trùng ĐUÔI MÃ nhưng TÊN lệch (D1: TI KHÓA NGANG) — cần chốt,1
TP - TAY ĐIỀU KHIỂN MULLER,TP-TDK_MULLER,NVL,C-KHÔNG THẤY,,,"gợi ý xa: PKC_MULLER, PKD_TAY_TANKER_ALUMAX, PKD_TAY_MULLER",1
TP BÁT KHÓA ÂM NỀN,TP-BKAN,TP,A-KHỚP,PKC_BKAN,BÁT KHÓA ÂM NỀN,trùng ĐUÔI MÃ + tên giống 0.91,1
TP BỌ 1 VIS-AL701LOP,TP-BO 1VIS AL701LOP,TP,A-KHỚP,PKC_BO_1VIS_AL701LOP,BỌ 1 VIS-AL701LOP,trùng ĐUÔI MÃ + tên giống 0.92,1
TP BỌ 1 VIS-AL702LOP,TP-BO 1VIS AL702LOP,TP,A-KHỚP,PKC_BO_1VIS_AL702LOP,BỌ 1 VIS-AL702LOP,trùng ĐUÔI MÃ + tên giống 0.92,1
TP BỌ 1VIS 503N-71-595,TP-BO 1VIS 503N-71-595,TP,A-KHỚP,PKDUC_BO_1VIS_503N_71_595,BỌ 1VIS 503N-71-595,trùng ĐUÔI MÃ + tên giống 0.93,1
TP BỌ 1VIS-AL75,TP-BO 1VIS AL75,TP,A-KHỚP,PKC_BO_1VIS_AL75,BỌ 1VIS-AL75,trùng ĐUÔI MÃ + tên giống 0.89,1
TP BỌ 1VIS_AL503C,TP-BO 1VIS AL503C,TP,A-KHỚP,PKC_BO_1VIS_AL503C,BỌ 1VIS AL503C,trùng ĐUÔI MÃ + tên giống 0.90,1
TP BỌ 2VIS 752-VIPST700,TP-BO 2VIS 752-VIPST700,TP,A-KHỚP,PKC_BO_2VIS_752_VIPST700,BỌ 2VIS 752-VIPST700,trùng ĐUÔI MÃ + tên giống 0.93,1
TP BỌ 2VIS-501-552,TP-BO 2VIS-501-552,TP,A-KHỚP,PKDUC_BO_2VIS_501_552,BỌ 2VIS 501N-552,trùng ĐUÔI MÃ + tên giống 0.88,1
TP BỌ 2VIS-652-548C,TP-BO 2VIS-652-548C,TP,A-KHỚP,PKDUC_BO_2VIS_652_548C,BỌ 2VIS-652-548C,trùng ĐUÔI MÃ + tên giống 0.91,1
TP BỌ 2VIS-AL50-VIP50-AL548-ST500,TP-BO 2VIS AL50-VIP50-AL548-ST500,TP,B-MƠ HỒ,PKC_BO_2VIS_AL50_VIP50_548_ST500,BỌ 2VIS-AL50-VIP50-AL548-ST500,chỉ gần đúng tên (0.95),1
TP CỬA LƯỚI MẮT VÕNG STĐ - Tách món,TP-LUOI-MV-STD - TM,TP,B-MƠ HỒ,CLUOI_LUOI_MV_TM,CỬA LƯỚI MẮT VÕNG TÁCH MÓN,chỉ gần đúng tên (0.88),1
TP KHÓA NGANG,TP-KN,TP,A-KHỚP,PKC_KN,KHÓA NGANG,trùng ĐUÔI MÃ + tên giống 0.87,1
TP LÁ ĐÀI LOAN STĐ 1LY,TP-TOLEKEM124_8D,TP,B-MƠ HỒ,TON_DLM_1LY_K124,TP LÁ ĐÀI LOAN 1LY,chỉ gần đúng tên (0.90),1
TP LÁ ĐÀI LOAN STĐ 8D,TP-TOLEKEM124_6D,TP,B-MƠ HỒ,TON_DLM_8D_K124,TP LÁ ĐÀI LOAN 8D,chỉ gần đúng tên (0.89),1
TP RAY SẮT U100-1.2ly (CÓ RON),NVL-TOLE1.4x270x1.2ly-CRON,TP,B-MƠ HỒ,,,"nhiều ứng viên gần đúng: RT_RAY_U100_1.2LY_RON, RT_RAY_U100_1.4LY_RON",1
TP RAY SẮT U100-1.2ly (KHÔNG RON),NVL-TOLE1.4x270x1.2ly-KRON,TP,B-MƠ HỒ,,,"nhiều ứng viên gần đúng: RT_RAY_U100_1.2LY_KRON, RT_RAY_U100_1.4LY_KRON",1
TP RAY SẮT U100-1.4ly (CÓ RON),NVL-TOLE1.4x270x1.4ly-CRON,TP,B-MƠ HỒ,,,"nhiều ứng viên gần đúng: RT_RAY_U100_1.4LY_RON, RT_RAY_U100_1.2LY_RON",1
TP RAY SẮT U100-1.4ly (CÓ RON+TỰ DỪNG),NVL-TOLE1.4x270x1.4ly-CRON+TD,TP,B-MƠ HỒ,RT_RAY_U100_1.4LY_RON_TD,RAY SẮT U100-1.4ly (CÓ RON+TỰ DỪNG),chỉ gần đúng tên (0.96),1
TP RAY SẮT U100-1.4ly (KHÔNG RON),NVL-TOLE1.4x270x1.4ly-KRON,TP,B-MƠ HỒ,,,"nhiều ứng viên gần đúng: RT_RAY_U100_1.4LY_KRON, RT_RAY_U100_1.2LY_KRON",1
TP RAY SẮT U70 (CÓ RON),TP-RS7P (CÓ RON),TP,B-MƠ HỒ,RT_RAY_U70_RON,RAY SẮT U70 (CÓ RON),chỉ gần đúng tên (0.92),1
TP RAY SẮT U70 (KHÔNG RON),NVL-TOLE1.2x190-KRON,TP,B-MƠ HỒ,RT_RAY_U70_KRON,RAY SẮT U70 (KHÔNG RON),chỉ gần đúng tên (0.93),1
TP RON NHỰA + INOX,RONNHUA_INOX,TP,A-KHỚP,PKC_RONNHUA_INOX,RON NHỰA + INOX,trùng ĐUÔI MÃ + tên giống 0.96,1
TP RON ĐÁY ĐỨC,RON-DD,TP,B-MƠ HỒ,PKC_RON_DD,RON ĐÁY ĐỨC,chỉ gần đúng tên (0.88),1
TP TRỤC 140,TP-TRUC140,TP,A-KHỚP,RT_TRUC140,TRỤC 140,trùng ĐUÔI MÃ + tên giống 0.84,1
TP TRỤC 168,TP-TRUC168,TP,A-KHỚP,RT_TRUC168,TRỤC 168,trùng ĐUÔI MÃ + tên giống 0.84,1
TP-BOSTEC_BỘ ĐIỀU KHIỂN,TP_BOSTEC_BODIEUKHIEN,TP,B-MƠ HỒ,DK_BOSTEC,BOSTEC BỘ ĐIỀU KHIỂN,chỉ gần đúng tên (0.93),1
TP-CHTAIWAN_BỘ ĐIỀU KHIỂN,TP_CHTAIWAN_BODIEUKHIEN,TP,B-MƠ HỒ,,,"nhiều ứng viên gần đúng: DK_CHTAIWAN, DK_YHTAIWAN",1
TP-CÂY KÉO CỬA INOX,"NVL-INOX, NVL-NHUA, NVL-MOC",TP,C-KHÔNG THẤY,,,không có ứng viên nào,1
TP-LÁ ĐẦU,TP-A282,TP,A-KHỚP,LA_A282,LÁ ĐẦU,trùng ĐUÔI MÃ + tên giống 0.80,1
TP-MOTOR YHTAIWAN CH 1000KG,TP-MT-YHTAIWAN CH 1000KG,TP,B-MƠ HỒ,,,"nhiều ứng viên gần đúng: MT_YHTAIWAN_CH_1000KG, MT_YHTAIWAN_CH_800KG, MT_YHTAIWAN_CH_700KG",1
TP-MOTOR YHTAIWAN CH 300KG,TP-MT-YHTAIWAN CH 300KG,TP,B-MƠ HỒ,,,"nhiều ứng viên gần đúng: MT_YHTAIWAN_CH_300KG, MT_YHTAIWAN_CH_800KG, MT_YHTAIWAN_CH_700KG",1
TP-MOTOR YHTAIWAN CH 400KG,TP-MT-YHTAIWAN CH 400KG,TP,B-MƠ HỒ,,,"nhiều ứng viên gần đúng: MT_YHTAIWAN_CH_400KG, MT_YHTAIWAN_CH_800KG, MT_YHTAIWAN_CH_700KG",1
TP-MOTOR YHTAIWAN CH 500KG,TP-MT-YHTAIWAN CH 500KG,TP,B-MƠ HỒ,,,"nhiều ứng viên gần đúng: MT_YHTAIWAN_CH_500KG, MT_YHTAIWAN_CH_800KG, MT_YHTAIWAN_CH_700KG",1
TP-MOTOR YHTAIWAN CH 600KG,TP-MT-YHTAIWAN CH 600KG,TP,B-MƠ HỒ,,,"nhiều ứng viên gần đúng: MT_YHTAIWAN_CH_600KG, MT_YHTAIWAN_CH_800KG, MT_YHTAIWAN_CH_700KG",1
TP-MOTOR YHTAIWAN CH 700KG,TP-MT-YHTAIWAN CH 700KG,TP,B-MƠ HỒ,,,"nhiều ứng viên gần đúng: MT_YHTAIWAN_CH_700KG, MT_YHTAIWAN_CH_800KG, MT_YHTAIWAN_CH_600KG",1
TP-MOTOR YHTAIWAN CH 800KG,TP-MT-YHTAIWAN CH 800KG,TP,B-MƠ HỒ,,,"nhiều ứng viên gần đúng: MT_YHTAIWAN_CH_800KG, MT_YHTAIWAN_CH_700KG, MT_YHTAIWAN_CH_600KG",1
TP-MTT BOSTEC ĐÔI - PHẢI,TP-MTT_BOSTEC-DOI(P),TP,B-MƠ HỒ,LKMT_BOSTEC_DOI_P,MTT BOSTEC ĐÔI PHẢI,chỉ gần đúng tên (0.93),1
TP-MTT BOSTEC ĐÔI - TRÁI,TP-MTT_BOSTEC-DOI(T),TP,B-MƠ HỒ,LKMT_BOSTEC_DOI_T,MTT BOSTEC ĐÔI TRÁI,chỉ gần đúng tên (0.93),1
TP-MTT BOSTEC ĐƠN - PHẢI,TP-MTT_BOSTEC-DON(P),TP,B-MƠ HỒ,LKMT_BOSTEC_DON_P,MTT BOSTEC ĐƠN PHẢI,chỉ gần đúng tên (0.93),1
TP-MTT BOSTEC ĐƠN - TRÁI,TP-MTT_BOSTEC-DON(T),TP,B-MƠ HỒ,LKMT_BOSTEC_DON_T,MTT BOSTEC ĐƠN TRÁI,chỉ gần đúng tên (0.93),1
TP-MTT CH TAIWAN ĐÔI - PHẢI,TP-MTT_CHTAIWAN-DOI(P),TP,B-MƠ HỒ,LKMT_CHTAIWAN_DOI_P,MTT CHTAIWAN ĐÔI PHẢI,chỉ gần đúng tên (0.91),1
TP-MTT CH TAIWAN ĐÔI - TRÁI,TP-MTT_CHTAIWAN-DOI(T),TP,B-MƠ HỒ,LKMT_CHTAIWAN_DOI_T,MTT CHTAIWAN ĐÔI TRÁI,chỉ gần đúng tên (0.91),1
TP-MTT CH TAIWAN ĐƠN - PHẢI,TP-MTT_CHTAIWAN-DON(P),TP,B-MƠ HỒ,LKMT_CHTAIWAN_DON_P,MTT CHTAIWAN ĐƠN PHẢI,chỉ gần đúng tên (0.91),1
TP-MTT CH TAIWAN ĐƠN - TRÁI,TP-MTT_CHTAIWAN-DON(T),TP,B-MƠ HỒ,LKMT_CHTAIWAN_DON_T,MTT CHTAIWAN ĐƠN TRÁI,chỉ gần đúng tên (0.91),1
TP-RON ĐÁY ÚC,RONDAYUC,TP,A-KHỚP,PKC_RONDAYUC,RON ĐÁY ÚC,trùng ĐUÔI MÃ + tên giống 0.89,1
TP-THANH ĐÁY ÚC_KTD,NVL-VDAY-TDU-KTD,TP,A-KHỚP,PKC_VDAY_TDU_KTD,THANH ĐÁY ÚC KTD,trùng ĐUÔI MÃ + tên giống 0.91,1
TP-TRỤC 34,NVL-TRUC34,TP,B-MƠ HỒ,RT_TRUC34,TRỤC PHI 34,trùng ĐUÔI MÃ nhưng TÊN lệch (D1: TRỤC PHI 34) — cần chốt,1
TP-YHLD_BỘ ĐIỀU KHIỂN,TP-YHLD-BDK,TP,C-KHÔNG THẤY,,,"gợi ý xa: PKD_TAY_YHLD, DK_JG, DK_YHTAIWAN",1
TP-YHTAIWAN_BỘ ĐIỀU KHIỂN,TP-YHTaiwan-BODK,TP,B-MƠ HỒ,,,"nhiều ứng viên gần đúng: DK_YHTAIWAN, DK_CHTAIWAN",1
TRỤC114_1.8LY,TRUC114_1.8LY,NVL,A-KHỚP,RT_TRUC_114_1.8LY,TRỤC 114 1.8LY,trùng ĐUÔI MÃ + tên giống 0.96,1
TRỤC140_2.4LY,NVL-TRUC114_2.4LY,NVL,A-KHỚP,RT_TRUC114_2.4LY,TRỤC 114 2.4LY,trùng ĐUÔI MÃ + tên giống 0.89,1
TRỤC168_5LY,NVL-TRUC168_5LY,NVL,A-KHỚP,RT_TRUC168_5LY,TRỤC168 5LY,trùng TÊN,1
VAI HÃM XO - CỬA ĐỨC KÉO TAY AL70 (1 LỚP),NVL-VAIHAMXO,NVL,A-KHỚP,PKC_VAIHAMXO,VAI HÃM XO,trùng ĐUÔI MÃ + tên giống 0.73,1
VIS BẮN LÔ 2P - CỬA ĐỨC KÉO TAY AL70 (1 LỚP),NVL-VIS-BANLO2P,NVL,A-KHỚP,PKC_VIS_BANLO2P,VIS BẮN LÔ 2P,trùng ĐUÔI MÃ + tên giống 0.79,1
VIS ĐẦU DÙ BẮN LÔ - CỬA ĐỨC KÉO TAY AL70 (1 LỚP),NVL-VISDD-BANLO,NVL,A-KHỚP,PKC_VISDD_BANLO,VIS ĐẦU DÙ BẮN LÔ,trùng TÊN (sau khi bỏ đuôi tên thành phẩm cha),1
Vis - CỬA ĐỨC KÉO TAY AL70 (1 LỚP),NVL-VIS,NVL,A-KHỚP,PKDUC_VIS,Vis,trùng TÊN (sau khi bỏ đuôi tên thành phẩm cha),1
XỐP ( TẤM NHỎ - 45cm) - CỬA ĐỨC KÉO TAY AL70 (1 LỚP),NVL-XOP-N45,NVL,B-MƠ HỒ,PKC_XOP_N45,XỐP NHỎ,trùng ĐUÔI MÃ nhưng TÊN lệch (D1: XỐP NHỎ) — cần chốt,1
YHLD_KHÔNG BỘ ĐIỀU KHIỂN,TRU-TP_KHONGBDK_TANKER-ALUMAX,TP,C-KHÔNG THẤY,,,"gợi ý xa: DK_JG, PKD_TAY_YHLD, DK_YHTAIWAN",1
YHLD_KHÔNG BỘ ĐIỀU KHIỂN+KHÔNG LẮC,TRU-TP_KHONGBDK_KHONGLAC_YHLD,TP,C-KHÔNG THẤY,,,"gợi ý xa: DK_YHLD, DK_YHTAIWAN, PKD_TAY_YHLD",1
YHLD_KHÔNG LẮC,TRU-TP_KHONGLAC_YHLD,NVL,C-KHÔNG THẤY,,,không có ứng viên nào,1
YHLD_Thân 1000KG,TP-YHLD-Than1000kg,NVL,C-KHÔNG THẤY,,,"gợi ý xa: LKMT_YHTAIWAN_THAN1000KG, LKMT_YHTAIWAN_THAN800KG, LKMT_YHTAIWAN_THAN700KG",1
YHLD_Thân 300KG,TP-YHLD-Than300kg,NVL,C-KHÔNG THẤY,,,"gợi ý xa: LKMT_YHTAIWAN_THAN300KG, LKMT_YHTAIWAN_THAN800KG, LKMT_YHTAIWAN_THAN700KG",1
YHLD_Thân 500KG,TP-YHLD-Than500kg,NVL,C-KHÔNG THẤY,,,"gợi ý xa: LKMT_YHTAIWAN_THAN500KG, LKMT_YHTAIWAN_THAN800KG, LKMT_YHTAIWAN_THAN700KG",1
YHLD_Thân 800KG,TP-YHLD-Than800kg,NVL,C-KHÔNG THẤY,,,"gợi ý xa: LKMT_YHTAIWAN_THAN800KG, LKMT_YHTAIWAN_THAN700KG, LKMT_YHTAIWAN_THAN600KG",1
YHTAIWAN_LacYHTW1000-1200KG,TP-YHTaiwan-LaYHTW1000-1200KG,NVL,A-KHỚP,LKMT_YHTAIWAN_LAYHTW1000_1200KG,YHTAIWAN LẮC 1000-1200KG,trùng ĐUÔI MÃ + tên giống 0.90,1
YHTAIWAN_Thân 1000KG,TP-YHTaiwan-Than1000KG,NVL,A-KHỚP,LKMT_YHTAIWAN_THAN1000KG,YHTAIWAN Thân 1000KG,trùng TÊN,1
YHTAIWAN_Thân 300KG,TP-YHTaiwan-Than300KG,NVL,A-KHỚP,LKMT_YHTAIWAN_THAN300KG,YHTAIWAN Thân 300KG,trùng TÊN,1
YHTAIWAN_Thân 400KG,TP-YHTaiwan-Than400KG,NVL,A-KHỚP,LKMT_YHTAIWAN_THAN400KG,YHTAIWAN Thân 400KG,trùng TÊN,1
YHTAIWAN_Thân 500KG,TP-YHTaiwan-Than500KG,NVL,A-KHỚP,LKMT_YHTAIWAN_THAN500KG,YHTAIWAN Thân 500KG,trùng TÊN,1
YHTAIWAN_Thân 600KG,TP-YHTaiwan-Than600KG,NVL,A-KHỚP,LKMT_YHTAIWAN_THAN600KG,YHTAIWAN Thân 600KG,trùng TÊN,1
YHTAIWAN_Thân 700KG,TP-YHTaiwan-Than700KG,NVL,A-KHỚP,LKMT_YHTAIWAN_THAN700KG,YHTAIWAN Thân 700KG,trùng TÊN,1
YHTAIWAN_Thân 800KG,TP-YHTaiwan-Than800KG,NVL,A-KHỚP,LKMT_YHTAIWAN_THAN800KG,YHTAIWAN Thân 800KG,trùng TÊN,1
ĐỨC AL-VIP50 GS,TP-ALVIP50 GS,TP,B-MƠ HỒ,CDUC_ALVIP50,ĐỨC AL-VIP50,"khớp sau khi BỎ đuôi màu/bề mặt (""GS"") — D1 gộp mọi màu/bề mặt vào MỘT mã",1
ĐỨC AL-VIP50 MSK,TP-ALVIP50 THO,TP,B-MƠ HỒ,CDUC_ALVIP50,ĐỨC AL-VIP50,"khớp sau khi BỎ đuôi màu/bề mặt (""MSK"") — D1 gộp mọi màu/bề mặt vào MỘT mã",1
ĐỨC AL-VIPST500 MSK,TP-ALVIPST500 THO,TP,B-MƠ HỒ,CDUC_ALVIPST500,ĐỨC AL-VIPST500,"khớp sau khi BỎ đuôi màu/bề mặt (""MSK"") — D1 gộp mọi màu/bề mặt vào MỘT mã",1
ĐỨC AL-VIPST700 MSK,TP-ALVIPST700 THO,TP,B-MƠ HỒ,CDUC_ALVIPST700,ĐỨC AL-VIPST700,"khớp sau khi BỎ đuôi màu/bề mặt (""MSK"") — D1 gộp mọi màu/bề mặt vào MỘT mã",1
ĐỨC AL50 GS,TP-TD-AL50 GS,TP,B-MƠ HỒ,CDUC_TD_AL50,ĐỨC AL50,"khớp sau khi BỎ đuôi màu/bề mặt (""GS"") — D1 gộp mọi màu/bề mặt vào MỘT mã",1
ĐỨC AL50 MSK,TP-TD-AL50 THO,TP,B-MƠ HỒ,CDUC_TD_AL50,ĐỨC AL50,"khớp sau khi BỎ đuôi màu/bề mặt (""MSK"") — D1 gộp mọi màu/bề mặt vào MỘT mã",1
ĐỨC AL50 VK,TP-TD-AL50 VK,TP,B-MƠ HỒ,CDUC_TD_AL50,ĐỨC AL50,"khớp sau khi BỎ đuôi màu/bề mặt (""VK"") — D1 gộp mọi màu/bề mặt vào MỘT mã",1
ĐỨC AL501N GS,TP-TD-AL501N GS,TP,B-MƠ HỒ,CDUC_TD_AL501N,ĐỨC AL501N,"khớp sau khi BỎ đuôi màu/bề mặt (""GS"") — D1 gộp mọi màu/bề mặt vào MỘT mã",1
ĐỨC AL501N MSK,TP-TD-AL501NTHO,TP,B-MƠ HỒ,CDUC_TD_AL501N,ĐỨC AL501N,"khớp sau khi BỎ đuôi màu/bề mặt (""MSK"") — D1 gộp mọi màu/bề mặt vào MỘT mã",1
ĐỨC AL501N VK,TP-TD-AL501N VK,TP,B-MƠ HỒ,CDUC_TD_AL501N,ĐỨC AL501N,"khớp sau khi BỎ đuôi màu/bề mặt (""VK"") — D1 gộp mọi màu/bề mặt vào MỘT mã",1
ĐỨC AL503N GS,TP-TD-AL503N26 GS,TP,B-MƠ HỒ,CDUC_TD_AL503N26,ĐỨC AL503N,"khớp sau khi BỎ đuôi màu/bề mặt (""GS"") — D1 gộp mọi màu/bề mặt vào MỘT mã",1
ĐỨC AL503N MSK,TP-TD-AL503N26 THO,TP,B-MƠ HỒ,CDUC_TD_AL503N26,ĐỨC AL503N,"khớp sau khi BỎ đuôi màu/bề mặt (""MSK"") — D1 gộp mọi màu/bề mặt vào MỘT mã",1
ĐỨC AL503N VK,TP-TD-AL503N26 VK,TP,B-MƠ HỒ,CDUC_TD_AL503N26,ĐỨC AL503N,"khớp sau khi BỎ đuôi màu/bề mặt (""VK"") — D1 gộp mọi màu/bề mặt vào MỘT mã",1
ĐỨC AL548N GS,TP-ALD-548N GS,TP,B-MƠ HỒ,CDUC_ALD_548N,ĐỨC AL548N,"khớp sau khi BỎ đuôi màu/bề mặt (""GS"") — D1 gộp mọi màu/bề mặt vào MỘT mã",1
ĐỨC AL548N MSK,TP-ALD-548N THO,TP,B-MƠ HỒ,CDUC_ALD_548N,ĐỨC AL548N,"khớp sau khi BỎ đuôi màu/bề mặt (""MSK"") — D1 gộp mọi màu/bề mặt vào MỘT mã",1
ĐỨC AL548N VK,TP-ALD-548N VK,TP,B-MƠ HỒ,CDUC_ALD_548N,ĐỨC AL548N,"khớp sau khi BỎ đuôi màu/bề mặt (""VK"") — D1 gộp mọi màu/bề mặt vào MỘT mã",1
ĐỨC AL552N GS,TP-ALD-DL552 GS,TP,B-MƠ HỒ,CDUC_ALD_DL552,ĐỨC AL552N,"khớp sau khi BỎ đuôi màu/bề mặt (""GS"") — D1 gộp mọi màu/bề mặt vào MỘT mã",1
ĐỨC AL552N MSK,TP-ALD-DL552 THO,TP,B-MƠ HỒ,CDUC_ALD_DL552,ĐỨC AL552N,"khớp sau khi BỎ đuôi màu/bề mặt (""MSK"") — D1 gộp mọi màu/bề mặt vào MỘT mã",1
ĐỨC AL552N VK,TP-ALD-DL552 VK,TP,B-MƠ HỒ,CDUC_ALD_DL552,ĐỨC AL552N,"khớp sau khi BỎ đuôi màu/bề mặt (""VK"") — D1 gộp mọi màu/bề mặt vào MỘT mã",1
ĐỨC AL595 - GS,TD-AL595 GS,TP,B-MƠ HỒ,CDUC_TD_AL595,ĐỨC AL595,"khớp sau khi BỎ đuôi màu/bề mặt (""GS"") — D1 gộp mọi màu/bề mặt vào MỘT mã",1
ĐỨC AL595 - MSK,TP-TD-AL595 THÔ,TP,B-MƠ HỒ,CDUC_TD_AL595,ĐỨC AL595,"khớp sau khi BỎ đuôi màu/bề mặt (""MSK"") — D1 gộp mọi màu/bề mặt vào MỘT mã",1
ĐỨC AL595 - VK,TP-TD-AL595 VK,TP,B-MƠ HỒ,CDUC_TD_AL595,ĐỨC AL595,"khớp sau khi BỎ đuôi màu/bề mặt (""VK"") — D1 gộp mọi màu/bề mặt vào MỘT mã",1
ĐỨC AL652 GS,TP-TD-AL652 GS,TP,B-MƠ HỒ,CDUC_TD_AL652N,ĐỨC AL652,"khớp sau khi BỎ đuôi màu/bề mặt (""GS"") — D1 gộp mọi màu/bề mặt vào MỘT mã",1
ĐỨC AL652 MSK,TP-TD-AL652N THO,TP,B-MƠ HỒ,CDUC_TD_AL652N,ĐỨC AL652,"khớp sau khi BỎ đuôi màu/bề mặt (""MSK"") — D1 gộp mọi màu/bề mặt vào MỘT mã",1
ĐỨC AL652 VK,TP-TD-AL652 VK,TP,B-MƠ HỒ,CDUC_TD_AL652N,ĐỨC AL652,"khớp sau khi BỎ đuôi màu/bề mặt (""VK"") — D1 gộp mọi màu/bề mặt vào MỘT mã",1
ĐỨC AL70 (1 lớp) - MSK,TP-AL70-1LOP THÔ,TP,B-MƠ HỒ,CDUC_AL70_1LOP,ĐỨC AL70 (1 LỚP),"khớp sau khi BỎ đuôi màu/bề mặt (""MSK"") — D1 gộp mọi màu/bề mặt vào MỘT mã",1
ĐỨC AL70 (2 lớp) - GS,TP-TD-AL70 GS,TP,B-MƠ HỒ,CDUC_TD_AL70,ĐỨC AL70 (2 LỚP),"khớp sau khi BỎ đuôi màu/bề mặt (""GS"") — D1 gộp mọi màu/bề mặt vào MỘT mã",1
ĐỨC AL70 (2 lớp) - MSK,TP-TD-AL70 THÔ,TP,B-MƠ HỒ,CDUC_TD_AL70,ĐỨC AL70 (2 LỚP),"khớp sau khi BỎ đuôi màu/bề mặt (""MSK"") — D1 gộp mọi màu/bề mặt vào MỘT mã",1
ĐỨC AL70 (2 lớp) - VK,TP-TD-AL70 VK,TP,B-MƠ HỒ,CDUC_TD_AL70,ĐỨC AL70 (2 LỚP),"khớp sau khi BỎ đuôi màu/bề mặt (""VK"") — D1 gộp mọi màu/bề mặt vào MỘT mã",1
ĐỨC AL71N - GS,TP-TD-AL71N GS,TP,B-MƠ HỒ,CDUC_TD_AL71N,ĐỨC AL71N,"khớp sau khi BỎ đuôi màu/bề mặt (""GS"") — D1 gộp mọi màu/bề mặt vào MỘT mã",1
ĐỨC AL71N - MSK,TP-TD-AL71N THÔ,TP,B-MƠ HỒ,CDUC_TD_AL71N,ĐỨC AL71N,"khớp sau khi BỎ đuôi màu/bề mặt (""MSK"") — D1 gộp mọi màu/bề mặt vào MỘT mã",1
ĐỨC AL71N - VK,TP-TD-AL71N VK,TP,B-MƠ HỒ,CDUC_TD_AL71N,ĐỨC AL71N,"khớp sau khi BỎ đuôi màu/bề mặt (""VK"") — D1 gộp mọi màu/bề mặt vào MỘT mã",1
ĐỨC AL75 GS,TP-AL75 GS,TP,B-MƠ HỒ,CDUC_AL75,ĐỨC AL75,"khớp sau khi BỎ đuôi màu/bề mặt (""GS"") — D1 gộp mọi màu/bề mặt vào MỘT mã",1
ĐỨC AL75 MSK,TP-AL75 THO,TP,B-MƠ HỒ,CDUC_AL75,ĐỨC AL75,"khớp sau khi BỎ đuôi màu/bề mặt (""MSK"") — D1 gộp mọi màu/bề mặt vào MỘT mã",1
ĐỨC AL75 VK,TP-AL75 VK,TP,B-MƠ HỒ,CDUC_AL75,ĐỨC AL75,"khớp sau khi BỎ đuôi màu/bề mặt (""VK"") — D1 gộp mọi màu/bề mặt vào MỘT mã",1
ĐỨC AL752N GS,TP-TD-AL752N GS,TP,B-MƠ HỒ,CDUC_TD_AL752N,ĐỨC AL752N,"khớp sau khi BỎ đuôi màu/bề mặt (""GS"") — D1 gộp mọi màu/bề mặt vào MỘT mã",1
ĐỨC AL752N MSK,TP-TD-AL752N THO,TP,B-MƠ HỒ,CDUC_TD_AL752N,ĐỨC AL752N,"khớp sau khi BỎ đuôi màu/bề mặt (""MSK"") — D1 gộp mọi màu/bề mặt vào MỘT mã",1
ĐỨC AL752N VK,TP-TD-AL752N VK,TP,B-MƠ HỒ,CDUC_TD_AL752N,ĐỨC AL752N,"khớp sau khi BỎ đuôi màu/bề mặt (""VK"") — D1 gộp mọi màu/bề mặt vào MỘT mã",1
,,NVL,C-KHÔNG THẤY,,,không có ứng viên nào,0
#REF!,,NVL,C-KHÔNG THẤY,,,không có ứng viên nào,0
Bình lưu điện Alumax E1000i,TP_UPS-E1000i,TP,A-KHỚP,BLD_UPS_E1000I,Bình lưu điện Alumax E1000i,trùng TÊN,0
Bình lưu điện Alumax E800i,TP_UPS-E800i,TP,A-KHỚP,BLD_UPS_E800I,Bình lưu điện Alumax E800i,trùng TÊN,0
Bình lưu điện YH1000,TP_UPS-YH1000,TP,A-KHỚP,BLD_UPS_YH1000,Bình lưu điện YH1000,trùng TÊN,0
Bình lưu điện YH2000,TP_UPS-YH2000,TP,A-KHỚP,BLD_UPS_YH2000,Bình lưu điện YH2000,trùng TÊN,0
BẠC ĐẠN + NẮP CHỤP,NVL_Napchup+Bacdan,TP,A-KHỚP,PKC_NAPCHUP_BACDAN,BẠC ĐẠN + NẮP CHỤP,trùng TÊN,0
BẮN BƯỚM INOX,TP-BUOMINOX,TP,A-KHỚP,PKC_BANBUOM_INOX,BẮN BƯỚM (INOX),trùng TÊN,0
CHI PHÍ VẬN CHUYỂN,CPVC,NVL,C-KHÔNG THẤY,,,gợi ý xa: LKMT_CHTAIWAN_PAT,0
CHỐNG XỔ LÔ,TP-CHONGXOLO,TP,A-KHỚP,PKC_CHONGXOLO,CHỐNG XỔ LÔ,trùng TÊN,0
CROMATE 3+,CROMATE 3+,TP,A-KHỚP,PKS_CROMATE_3,CROMATE 3+,trùng TÊN,0
Các chi phí khác,,NVL,C-KHÔNG THẤY,,,không có ứng viên nào,0
Chi Lương,,NVL,C-KHÔNG THẤY,,,không có ứng viên nào,0
"Chi mua các vật tư, trang thiết bị văn phòng, bảo hộ lao động…",,NVL,C-KHÔNG THẤY,,,không có ứng viên nào,0
Chi mua văn phòng phẩm,,NVL,C-KHÔNG THẤY,,,không có ứng viên nào,0
Chi nộp bảo hiểm,,NVL,C-KHÔNG THẤY,,,không có ứng viên nào,0
Chi phí STD_LƯỚI,CPSTD_LUOI,NVL,C-KHÔNG THẤY,,,không có ứng viên nào,0
Chi phí STD_V4,CPSTD_V4,NVL,C-KHÔNG THẤY,,,không có ứng viên nào,0
Chi phí banking,,NVL,C-KHÔNG THẤY,,,không có ứng viên nào,0
"Chi phí giao lưu, tiếp khách",,NVL,C-KHÔNG THẤY,,,không có ứng viên nào,0
"Chi phí sử dụng Xe hơi, xăng xe, bảo dưỡng, chi phí cầu đường",,NVL,C-KHÔNG THẤY,,,không có ứng viên nào,0
Chi thưởng NLĐ,,NVL,C-KHÔNG THẤY,,,gợi ý xa: PKDUC_HTTD,0
Chi trả công tác phí cho NLĐ,,NVL,C-KHÔNG THẤY,,,không có ứng viên nào,0
Chi trả phát hành bảo lãnh ngân hàng,,NVL,C-KHÔNG THẤY,,,không có ứng viên nào,0
Chi trả tiền chuyển phát nhanh,,NVL,C-KHÔNG THẤY,,,không có ứng viên nào,0
Chi trả tiền lãi vay,,NVL,C-KHÔNG THẤY,,,không có ứng viên nào,0
Chủ sở hữu rút vốn,,NVL,C-KHÔNG THẤY,,,không có ứng viên nào,0
CÒI BÁO ĐỘNG,TP-COI,TP,A-KHỚP,PKDUC_CBD,CÒI BÁO ĐỘNG,trùng TÊN,0
CÙM HÃM NHỰA,NVL-CHNHUA,TP,B-MƠ HỒ,PKC_CHNHUA,VÒNG NHỰA HÃM TRỤC,trùng ĐUÔI MÃ nhưng TÊN lệch (D1: VÒNG NHỰA HÃM TRỤC) — cần chốt,0
CỐT,NVL_Cot,TP,A-KHỚP,LKMT_COT,CỐT,trùng TÊN,0
CỬA KÉO,HH-CUAKEODL,TP,C-KHÔNG THẤY,,,gợi ý xa: CKDL_CUAKEODL,0
CỬA LƯỚI MẮT VÕNG INOX - TÁCH MÓN,TP-LUOIMV-INOX- TM,TP,A-KHỚP,CLUOI_LUOIMV_INOX_TM,CỬA LƯỚI MẮT VÕNG INOX TÁCH MÓN,trùng TÊN,0
CỬA LƯỚI SN PHI 19 INOX- TÁCH MÓN,TP-LUOI-SNPHI19-INOX - TM,TP,A-KHỚP,CLUOI_LUOI_SNPHI19_INOX_TM,CỬA LƯỚI SN PHI 19 INOX TÁCH MÓN,trùng TÊN,0
GIÁ T,NVL-GIAT,TP,A-KHỚP,PKC_GIAT,GIÁ T,trùng TÊN,0
GỐI SẮT,NVL-GOIFE,TP,A-KHỚP,PKC_GOIFE,GỐI SẮT,trùng TÊN,0
HH LÒ XO 46V,NVL-LX-5.5 X 70 X 46V,TP,A-KHỚP,PKC_LX_5.5_X_70_X_46V,HH LÒ XO 46V,trùng TÊN,0
HH LÒ XO 50V,NVL-LX-5.5 x 70 x 50V,TP,A-KHỚP,PKC_LX_5.5_X_70_X_50V,HH LÒ XO 50V,trùng TÊN,0
HH LÒ XO 53V,NVL-LV-6.0 x 70 x 53V,TP,A-KHỚP,PKC_LV_6.0_X_70_X_53V,HH LÒ XO 53V,trùng TÊN,0
HH LÒ XO 63V,NVL-LV-6.5 x 80 x 63V,TP,A-KHỚP,PKC_LV_6.5_X_80_X_63V,HH LÒ XO 63V,trùng TÊN,0
HH LÒ XO 65V,NVL-LV-7.0 x 90 x 65V,TP,A-KHỚP,PKC_LV_7.0_X_90_X_65V,HH LÒ XO 65V,trùng TÊN,0
HH LÒ XO 68V,NVL-LV-6.5 x 80 x 68V,TP,A-KHỚP,PKC_LV_6.5_X_80_X_68V,HH LÒ XO 68V,trùng TÊN,0
HH LÒ XO 73V,NVL-LV-7.0 x 90 x 73V,TP,A-KHỚP,PKC_LV_7.0_X_90_X_73V,HH LÒ XO 73V,trùng TÊN,0
HH LÒ XO 83V,NVL-LV-7.0 x 90 x 83V,TP,A-KHỚP,PKC_LV_7.0_X_90_X_83V,HH LÒ XO 83V,trùng TÊN,0
HH PULY 114,NVL-PULYUC114,TP,A-KHỚP,PKC_PULYUC114,PULY ÚC 114,trùng ĐUÔI MÃ + tên giống 0.75,0
HH PULY UC 34,NVL-PULYUC34,TP,A-KHỚP,PKC_PULYUC34,PULY ÚC 34,trùng ĐUÔI MÃ + tên giống 0.87,0
HH RAY NHÔM ÚC,TP-RAYNHOMUC,TP,A-KHỚP,RT_RAYNHOMUC,RAY NHÔM ÚC,trùng ĐUÔI MÃ + tên giống 0.88,0
HH SẮT VUÔNG 3X6M,NVL-3X6M,TP,A-KHỚP,PKC_3X6M,SẮT VUÔNG 3X6M,trùng ĐUÔI MÃ + tên giống 0.90,0
HOA KHẾ (3 CHẤU),NVL_Hoakhe,TP,A-KHỚP,LKMT_HOAKHE,HOA KHẾ (3 CHẤU),trùng TÊN,0
"Hoàn trả lại khách hàng do đổi trả, không lấy hàng hoặc chuyển nhầm",,NVL,C-KHÔNG THẤY,,,không có ứng viên nào,0
HỆ THỐNG TỰ DỪNG,TP-HTTD,TP,A-KHỚP,PKDUC_HTTD,HỆ THỐNG TỰ DỪNG,trùng TÊN,0
JG_KHÔNG LẮC,TRU-TP_KHONGLAC_JG,TP,C-KHÔNG THẤY,,,không có ứng viên nào,0
JG_TayDK,TP-JG_TayDK,TP,C-KHÔNG THẤY,,,gợi ý xa: PKD_TAY_JG,0
Khoản vay vốn kinh doanh,,NVL,C-KHÔNG THẤY,,,không có ứng viên nào,0
LÁ MẪU ĐỨC,NVL-LAMAU-PHE,TP,C-KHÔNG THẤY,,,gợi ý xa: LA_A282,0
LÁ SIÊU TRƯỜNG 175_XN-VK_9D,NVL-TOLEKEM175_1LY_MSK,NVL,C-KHÔNG THẤY,,,gợi ý xa: LA_DLM_1LY_K175,0
LÁ SIÊU TRƯỜNG 1LY_XN-VK,NVL-TON-DL9.2Dx175-XNVK,TP,B-MƠ HỒ,LA_DLM_1LY_K175,LÁ SIÊU TRƯỜNG 1LY,"khớp sau khi BỎ đuôi màu/bề mặt (""XN-VK"") — D1 gộp mọi màu/bề mặt vào MỘT mã",0
LÁ SIÊU TRƯỜNG STĐ 1.1LY_MSK,NVL-TOLEKEM175_8D-9D_STD_MSK,TP,C-KHÔNG THẤY,,,gợi ý xa: LA_DLM_1LY_K175,0
LÁ SIÊU TRƯỜNG STĐ 1.2LY_MSK,NVL-TON-ST-1LYx175-_MSK,TP,C-KHÔNG THẤY,,,gợi ý xa: LA_DLM_1LY_K175,0
LÁ SIÊU TRƯỜNG STĐ 1.3LY_MSK,NVL-TON-ST-1LYx175-_MSK,TP,C-KHÔNG THẤY,,,gợi ý xa: LA_DLM_1LY_K175,0
LÁ ĐÀI LOAN INOX 8D,TP-LADLINOX_8D,NVL,C-KHÔNG THẤY,,,"gợi ý xa: TON_DLM_8D_K124, INOX_8D, TON_DLM_7D_K124",0
LÁ ĐÀI LOAN STĐ 8D_MSK,NVL-TOLEKEM124_6D_MSK,TP,C-KHÔNG THẤY,,,"gợi ý xa: TON_DLM_8D_K124, LA_DLK_8D_TRONBO, LA_DLK_1_2LY_K175",0
LÒ XO 62V,,NVL,B-MƠ HỒ,PKC_LX6.5X80X62V,LÒ XO 62 V,chỉ gần đúng tên (0.95),0
LÔNG ĐỀN,NVL_Longden,TP,A-KHỚP,LKMT_LONGDEN,LÔNG ĐỀN,trùng TÊN,0
Lá ruột (kg) AL50 GS,NVL-ALD-DL50GS,NVL,C-KHÔNG THẤY,,,không có ứng viên nào,0
Lá ruột (kg) AL50 MSK,NVL-ALD-DL50THO,NVL,C-KHÔNG THẤY,,,không có ứng viên nào,0
Lá ruột (kg) AL501N GS,NVL-TD-AL501N GS,NVL,C-KHÔNG THẤY,,,"gợi ý xa: LA_RUOT_AL71N, CDUC_TD_AL501N",0
Lá ruột (kg) AL501N MSK,NVL-TD-AL501N MSK,NVL,C-KHÔNG THẤY,,,gợi ý xa: LA_RUOT_AL71N,0
Lá ruột (kg) AL501N VK,NVL-TD-AL501N VK,NVL,C-KHÔNG THẤY,,,"gợi ý xa: LA_RUOT_AL71N, CDUC_TD_AL501N",0
Lá ruột (kg) AL503N GS,NVL-TD-AL503N26 GS,NVL,C-KHÔNG THẤY,,,gợi ý xa: LA_RUOT_AL71N,0
Lá ruột (kg) AL503N MSK,NVL-TD-AL503N26THO,NVL,C-KHÔNG THẤY,,,không có ứng viên nào,0
Lá ruột (kg) AL503N VK,NVL-TD-AL503N26 VK,NVL,C-KHÔNG THẤY,,,gợi ý xa: LA_RUOT_AL71N,0
Lá ruột (kg) AL548N GS,NVL-TD-AL548N GS,NVL,C-KHÔNG THẤY,,,"gợi ý xa: LA_RUOT_AL71N, CDUC_ALD_548N",0
Lá ruột (kg) AL548N MSK,NVL-TD-AL548NTHO,NVL,C-KHÔNG THẤY,,,gợi ý xa: CDUC_ALD_548N,0
Lá ruột (kg) AL548N VK,NVL-TD-AL548N VK,NVL,C-KHÔNG THẤY,,,"gợi ý xa: LA_RUOT_AL71N, CDUC_ALD_548N",0
Lá ruột (kg) AL552 GS,NVL-ALD-DL552 GS,NVL,C-KHÔNG THẤY,,,không có ứng viên nào,0
Lá ruột (kg) AL552 MSK,NVL-ALD-DL552THO,NVL,C-KHÔNG THẤY,,,không có ứng viên nào,0
Lá ruột (kg) AL552 VK,NVL-ALD-DL552 VK,NVL,C-KHÔNG THẤY,,,không có ứng viên nào,0
Lá ruột (kg) AL595 GS,NVL-AL595-GS,NVL,C-KHÔNG THẤY,,,không có ứng viên nào,0
Lá ruột (kg) AL595 MSK,NVL_TDAL595THO,NVL,C-KHÔNG THẤY,,,không có ứng viên nào,0
Lá ruột (kg) AL595 VK,NVL-AL595-VK,NVL,C-KHÔNG THẤY,,,không có ứng viên nào,0
Lá ruột (kg) AL652 GS,NVL-ALD-DL652GS,NVL,C-KHÔNG THẤY,,,không có ứng viên nào,0
Lá ruột (kg) AL652 MSK,NVL-ALD-DL652THO,NVL,C-KHÔNG THẤY,,,không có ứng viên nào,0
Lá ruột (kg) AL652 VK,NVL-ALD-DL652VK,NVL,C-KHÔNG THẤY,,,không có ứng viên nào,0
Lá ruột (kg) AL652 VK,NVL-ALD-DL50VK,NVL,C-KHÔNG THẤY,,,không có ứng viên nào,0
Lá ruột (kg) AL70 (1 LỚP) MSK,NVL-AL701LOPTHO,NVL,C-KHÔNG THẤY,,,"gợi ý xa: CDUC_DUC_KT_AL70, LA_DUC_AL70_2_LOP, CDUC_AL70_1LOP",0
Lá ruột (kg) AL70 (1 LỚP) VK,NVL-TDAL70VK,NVL,C-KHÔNG THẤY,,,"gợi ý xa: CDUC_DUC_KT_AL70, LA_DUC_AL70_2_LOP, CDUC_AL70_1LOP",0
Lá ruột (kg) AL70 (2 LỚP) GS,NVL-TDAL70GS,NVL,C-KHÔNG THẤY,,,"gợi ý xa: LA_DUC_AL70_2_LOP, CDUC_DUC_KT_AL70_2_LOP, CDUC_TD_AL70",0
Lá ruột (kg) AL70 (2 LỚP) MSK,NVL-TDAL70THO,NVL,C-KHÔNG THẤY,,,"gợi ý xa: LA_DUC_AL70_2_LOP, CDUC_DUC_KT_AL70_2_LOP, CDUC_TD_AL70",0
Lá ruột (kg) AL71N GS,NVL-TD-AL71N GS,NVL,C-KHÔNG THẤY,,,gợi ý xa: LA_RUOT_AL71N,0
Lá ruột (kg) AL71N MSK,NVL-TD-AL71NTHO,NVL,C-KHÔNG THẤY,,,gợi ý xa: LA_RUOT_AL71N,0
Lá ruột (kg) AL71N VK,NVL-TD-AL71N VK,NVL,C-KHÔNG THẤY,,,gợi ý xa: LA_RUOT_AL71N,0
Lá ruột (kg) AL75 GS,NVL-AL75 GS,NVL,C-KHÔNG THẤY,,,gợi ý xa: LA_RUOT_AL71N,0
Lá ruột (kg) AL75 MSK,NVL-AL75THO,NVL,C-KHÔNG THẤY,,,gợi ý xa: LA_RUOT_AL71N,0
Lá ruột (kg) AL75 VK,NVL-AL75VK,NVL,C-KHÔNG THẤY,,,gợi ý xa: LA_RUOT_AL71N,0
Lá ruột (kg) AL752 GS,NVL-ALD-DL752 GS,NVL,C-KHÔNG THẤY,,,gợi ý xa: LA_RUOT_AL71N,0
Lá ruột (kg) AL752 MSK,NVL-ALD-DL752THO,NVL,C-KHÔNG THẤY,,,gợi ý xa: LA_RUOT_AL71N,0
Lá ruột (kg) AL752 VK,NVL-ALD-DL752 VK,NVL,C-KHÔNG THẤY,,,gợi ý xa: LA_RUOT_AL71N,0
Lá ruột (kg) ALVIP50 GS,NVL-VIP50GS,NVL,C-KHÔNG THẤY,,,"gợi ý xa: NHOM_ALVIP50, CDUC_ALVIP50",0
Lá ruột (kg) ALVIP50 MSK,NVL-VIP50THO,NVL,C-KHÔNG THẤY,,,gợi ý xa: NHOM_ALVIP50,0
Lá ruột (kg) ALVIPST500 MSK,NVL-VIPST500THO,NVL,C-KHÔNG THẤY,,,"gợi ý xa: CDUC_ALVIPST500, NHOM_ALVIPST500, NHOM_ALVIPST700",0
Lá ruột (kg) ALVIPST700 MSK,NVL-VIPST700THO,NVL,C-KHÔNG THẤY,,,"gợi ý xa: CDUC_ALVIPST700, NHOM_ALVIPST700, NHOM_ALVIPST500",0
Lá đầu (kg) + Bộ 03 lá đáy (kg),NVL-LD-3LD-MSK,NVL,C-KHÔNG THẤY,,,không có ứng viên nào,0
LƯỚI MV INOX,TP-LUOIMV_INOX,NVL,A-KHỚP,PKC_LUOIMV_INOX,LƯỚI MV INOX,trùng TÊN,0
LƯỚI SN PHI 13X26 INOX - TÁCH MÓN,TP-LUOI-SN13x26-INOX - TACHMON,TP,A-KHỚP,CLUOI_LUOI_SN13X26_INOX_TACHMON,CỬA LƯỚI SN PHI 13x26 INOX TÁCH MÓN,trùng ĐUÔI MÃ + tên giống 0.94,0
LƯỚI SN TRÒN PHI 19 INOX,TP-LUOISNPHI19_INOX,NVL,A-KHỚP,PKC_LUOISNPHI19_INOX,LƯỚI SN TRÒN PHI 19 INOX,trùng TÊN,0
LƯỚI SN VUÔNG PHI 13X26 INOX,TP-LUOISN13x26_INOX,NVL,A-KHỚP,PKC_LUOISN13X26_INOX,LƯỚI SN VUÔNG PHI 13X26 INOX,trùng TÊN,0
LẮC PHỤ 33-1 LỔ,TP-LACPHU33_1LO,TP,A-KHỚP,LKMT_LACPHU33_1LO,LẮC PHỤ 33-1 LỔ,trùng TÊN,0
LẮC PHỤ 33-3 LỔ (ĐÀI LOAN),TP-LACPHU33_3LO,TP,A-KHỚP,LKMT_LACPHU33_3LO,LẮC PHỤ 33-3 LỔ (ĐÀI LOAN),trùng TÊN,0
LẮC PHỤ 36-1 LỔ,TP-LACPHU36_1LO,TP,A-KHỚP,LKMT_LACPHU36_1LO,LẮC PHỤ 36-1 LỔ,trùng TÊN,0
LẮC PHỤ 36-3 LỔ (ĐÀI LOAN),TP-LACPHU36_3LO,TP,A-KHỚP,LKMT_LACPHU36_3LO,LẮC PHỤ 36-3 LỔ (ĐÀI LOAN),trùng TÊN,0
Mua nguyên vật liệu,,NVL,C-KHÔNG THẤY,,,không có ứng viên nào,0
MŨI MÀI HỘP KIM,MŨI MÀI HỘP KIM,NVL,A-KHỚP,PKC_MUI_MAI_HOP_KIM,MŨI MÀI HỘP KIM,trùng TÊN,0
NHÔNG MOTOR TANKER,NVL_Tanker-nhong,TP,A-KHỚP,MT_TANKER_NHONG,NHÔNG MOTOR TANKER,trùng TÊN,0
NẮP NHÌN,TP-NAPNHIN,TP,A-KHỚP,LKMT_NAPNHIN,NẮP NHÌN,trùng TÊN,0
Nộp tiền mặt vào tài khoản ngân hàng,,NVL,C-KHÔNG THẤY,,,không có ứng viên nào,0
PHU KIEN CUA UC,,NVL,C-KHÔNG THẤY,,,gợi ý xa: PKDUC_PULY_DEN,0
PHỤ KIỆN CỬA ĐỨC,,NVL,C-KHÔNG THẤY,,,gợi ý xa: PKDUC_PULY_DEN,0
PHỤ KIỆN LÁ ĐÀI  LOAN,,NVL,C-KHÔNG THẤY,,,"gợi ý xa: TON_DLM_8D_K124, TON_DLM_7D_K124, TON_DLM_6D_K124",0
PHỤ KIỆN MOTOR JG,,NVL,C-KHÔNG THẤY,,,"gợi ý xa: LKMT_HDKMT_JG, LKMT_TDKMT_JG, LKMT_HDKMT_TANKER",0
PHỤ THU CHUYỂN ĐỔI LÊN CỬA KÉO TAY,PHUTHUCHUYENDOICUAKT,NVL,C-KHÔNG THẤY,,,không có ứng viên nào,0
PHỤ THU SƠN RAY MSK,PHUTHU_SONRAY_MSK,TP,C-KHÔNG THẤY,,,không có ứng viên nào,0
PHỤ THU_CỬA LƯỚI <3tr,PHUTHU-CUALUOI<3tr,TP,C-KHÔNG THẤY,,,không có ứng viên nào,0
PHỤ THU_CỬA LƯỚI< 8m²,PHUTHU-CUALUOI<8m²,TP,C-KHÔNG THẤY,,,không có ứng viên nào,0
PHỤ THU_CỬA ÚC<7m²,PHUTHU-UC<7m²,TP,C-KHÔNG THẤY,,,không có ứng viên nào,0
PHỤ THU_CỬA ĐÀI LOAN< 8m²,PHUTHU-DAILOAN<8m²,TP,C-KHÔNG THẤY,,,"gợi ý xa: TON_DLM_8D_K124, TON_DLM_7D_K124, TON_DLM_6D_K124",0
PHỤ THU_CỬA ĐỨC<8m²,PHUTHU-DUC<8m²,TP,C-KHÔNG THẤY,,,gợi ý xa: PKDUC_PULY_DEN,0
PHỤ THU_PHỤ KIỆN ÚC<5tr,PHUTHU-UC-PK<5tr,TP,C-KHÔNG THẤY,,,không có ứng viên nào,0
PHỤ THU_PHỤ KIỆN ĐÀI LOAN<3tr,PHUTHU-DAILOAN-PK<3tr,TP,C-KHÔNG THẤY,,,không có ứng viên nào,0
PHỤ THU_PHỤ KIỆN ĐỨC<5tr,PHUTHU-DUC-PK<5tr,TP,C-KHÔNG THẤY,,,không có ứng viên nào,0
PHỤ THU_SƠN VÂN GỖ_LÁ ĐỨC,PHUTHU-SVG-LADUC,TP,C-KHÔNG THẤY,,,không có ứng viên nào,0
PHỤ THU_SƠN VÂN GỖ_RAYHOP,PHUTHU-SVG-RAYHOP,TP,C-KHÔNG THẤY,,,không có ứng viên nào,0
PULY 114,NVL-PULYUC114,NVL,A-KHỚP,PKC_PULYUC114,PULY ÚC 114,trùng ĐUÔI MÃ + tên giống 0.84,0
PULY 114 LỚN,TP-PULY 114L,TP,A-KHỚP,PKDUC_PL114_LON,PULY 114 LỚN,trùng TÊN,0
PULY 114 NHỎ,TP-PULY 114N,TP,A-KHỚP,PKDUC_PL114_NHO,PULY 114 NHỎ,trùng TÊN,0
PULY 140,TP-PULY 140,TP,A-KHỚP,PKDUC_PULY_140,PULY 140,trùng TÊN,0
PULY 168,TP-PULY 168,TP,A-KHỚP,PKDUC_PULY_168,PULY 168,trùng TÊN,0
PULY UC 114,,NVL,A-KHỚP,PKC_PULYUC114,PULY ÚC 114,trùng TÊN,0
Quỹ tiền mặt Kế toán quản lý,,NVL,C-KHÔNG THẤY,,,không có ứng viên nào,0
RAY INOX 6P_CÓ RON,TP-RAYINOX_6P_RON,NVL,A-KHỚP,RT_RAYINOX_6P_RON,RAY INOX 6P CÓ RON,trùng TÊN,0
RAY INOX 8P_CÓ RON,TP-RAYINOX_8P_RON,NVL,A-KHỚP,RT_RAYINOX_8P_RON,RAY INOX 8P CÓ RON,trùng TÊN,0
Ron nhựa/lông cạnh ray,RNHUA/LONG-CR,NVL,C-KHÔNG THẤY,,,"gợi ý xa: RT_RNHUA_CR, RT_PHOTLONG12_5X5X120M, RT_RNHUA_DR",0
Rút tiền mặt,,NVL,C-KHÔNG THẤY,,,không có ứng viên nào,0
TANKER_ALUMAX_ KHÔNG LẮC,TRU-TP_KHONGLAC_TANKER-ALUMAX,TP,C-KHÔNG THẤY,,,"gợi ý xa: LKMT_TANKER_ALUMAX_LAC36, LKMT_TANKER_ALUMAX_LAC33, DK_TANKER_ALUMAX_BODK",0
TANKER_ALUMAX_HopDK,TP-Tanker-Alumax-HDK,TP,C-KHÔNG THẤY,,,"gợi ý xa: LKMT_TANKER_ALUMAX_LAC36, LKMT_TANKER_ALUMAX_LAC33, DK_TANKER_ALUMAX_BODK",0
TANKER_ALUMAX_LẮC 33,TP-Tanker-Alumax-Lac33,NVL,A-KHỚP,LKMT_TANKER_ALUMAX_LAC33,LẮC TANKER ALUMAX 33,trùng ĐUÔI MÃ + tên giống 0.81,0
TANKER_ALUMAX_LẮC 33,TP-Tanker-Alumax-Lac33,TP,A-KHỚP,LKMT_TANKER_ALUMAX_LAC33,LẮC TANKER ALUMAX 33,trùng ĐUÔI MÃ + tên giống 0.81,0
TANKER_ALUMAX_LẮC 36,TP-Tanker-Alumax-Lac36,TP,A-KHỚP,LKMT_TANKER_ALUMAX_LAC36,LẮC TANKER ALUMAX 36,trùng ĐUÔI MÃ + tên giống 0.81,0
TANKER_ALUMAX_TayDK,TP-Tanker-Alumax_TayDK,TP,C-KHÔNG THẤY,,,"gợi ý xa: LKMT_TANKER_ALUMAX_LAC36, LKMT_TANKER_ALUMAX_LAC33, DK_TANKER_ALUMAX_BODK",0
TIỀN CÔNG CẮT LẠI CỬA,TIỀN CÔNG CẮT LẠI CỬA,NVL,C-KHÔNG THẤY,,,không có ứng viên nào,0
TIỀN CÔNG LẮP ĐẶT,TIỀN CÔNG LẮP ĐẶT,NVL,C-KHÔNG THẤY,,,không có ứng viên nào,0
TP  LÁ ĐỨC AL70 (2 lớp) - GS,TP  LÁ ĐỨC AL70 (2 lớp) - GS,TP,B-MƠ HỒ,LA_DUC_AL70_2_LOP,TP LÁ ĐỨC AL70 (2 lớp),"khớp sau khi BỎ đuôi màu/bề mặt (""GS"") — D1 gộp mọi màu/bề mặt vào MỘT mã",0
TP - TAY ĐIỀU KHIỂN MULLER,TP-TDK_MULLER,TP,C-KHÔNG THẤY,,,"gợi ý xa: PKC_MULLER, PKD_TAY_TANKER_ALUMAX, PKD_TAY_MULLER",0
TP LÁ RUỘT  AL71N VK,TP LÁ RUỘT  AL71N VK,TP,B-MƠ HỒ,LA_RUOT_AL71N,TP LÁ RUỘT AL71N,"khớp sau khi BỎ đuôi màu/bề mặt (""VK"") — D1 gộp mọi màu/bề mặt vào MỘT mã",0
TP LÁ ĐL7.5  INOX 1LY,TP-LADLINOX_1LY,TP,B-MƠ HỒ,INOX_1LY,LÁ ĐL7.5 INOX 1LY,chỉ gần đúng tên (0.92),0
TP LÁ ĐL7.5  INOX 7D,TP-LADLINOX_7D,TP,B-MƠ HỒ,INOX_7D,LÁ ĐL7.5 INOX 7D,chỉ gần đúng tên (0.91),0
TP LÁ ĐL7.5  INOX 8D,TP-LADLINOX_8D,TP,B-MƠ HỒ,INOX_8D,LÁ ĐL7.5 INOX 8D,chỉ gần đúng tên (0.91),0
TP LÁ ĐL7.5 INOX 6D,TP-LADLINOX_6D,TP,B-MƠ HỒ,INOX_6D,LÁ ĐL7.5 INOX 6D,chỉ gần đúng tên (0.91),0
TP LÁ ĐÀI LOAN 1LY_XN-VK,NVL-TON-DL9.2Dx124-XNVK,TP,B-MƠ HỒ,TON_DLM_1LY_K124,TP LÁ ĐÀI LOAN 1LY,"khớp sau khi BỎ đuôi màu/bề mặt (""XN-VK"") — D1 gộp mọi màu/bề mặt vào MỘT mã",0
TP LÁ ĐÀI LOAN 1LY_XN-XLC,NVL-TON-DL9.2Dx124-XNXLC,TP,B-MƠ HỒ,TON_DLM_1LY_K124,TP LÁ ĐÀI LOAN 1LY,"khớp sau khi BỎ đuôi màu/bề mặt (""XN-XLC"") — D1 gộp mọi màu/bề mặt vào MỘT mã",0
TP LÁ ĐÀI LOAN 6D_XN-VK,NVL-TON-DL5.2Dx124-XNVK,TP,B-MƠ HỒ,TON_DLM_6D_K124,TP LÁ ĐÀI LOAN 6D,"khớp sau khi BỎ đuôi màu/bề mặt (""XN-VK"") — D1 gộp mọi màu/bề mặt vào MỘT mã",0
TP LÁ ĐÀI LOAN 6D_XN-XLC,NVL-TON-DL5.2Dx124-XNXLC,TP,B-MƠ HỒ,TON_DLM_6D_K124,TP LÁ ĐÀI LOAN 6D,"khớp sau khi BỎ đuôi màu/bề mặt (""XN-XLC"") — D1 gộp mọi màu/bề mặt vào MỘT mã",0
TP LÁ ĐÀI LOAN 7D_XN-VK,NVL-TON-DL6.2Dx124-XNVK,TP,B-MƠ HỒ,TON_DLM_7D_K124,TP LÁ ĐÀI LOAN 7D,"khớp sau khi BỎ đuôi màu/bề mặt (""XN-VK"") — D1 gộp mọi màu/bề mặt vào MỘT mã",0
TP LÁ ĐÀI LOAN 7D_XN-XLC,NVL-TON-DL6.2Dx124-XNXLC,TP,B-MƠ HỒ,TON_DLM_7D_K124,TP LÁ ĐÀI LOAN 7D,"khớp sau khi BỎ đuôi màu/bề mặt (""XN-XLC"") — D1 gộp mọi màu/bề mặt vào MỘT mã",0
TP LÁ ĐÀI LOAN 8D_XN-VK,NVL-TON-DL7.2Dx124-XNVK,TP,C-KHÔNG THẤY,,,"gợi ý xa: TON_DLM_8D_K124, TON_DLM_7D_K124, TON_DLM_6D_K124",0
TP LÁ ĐÀI LOAN 8D_XN-XLC,NVL-TON-DL7.2Dx124-XNXLC,TP,C-KHÔNG THẤY,,,"gợi ý xa: TON_DLM_8D_K124, TON_DLM_7D_K124, TON_DLM_6D_K124",0
TP LÔNG NHEO LỚN,TP-PHOTLONG5X6X400M,TP,B-MƠ HỒ,PKC_PHOTLONG5X6X400M,LÔNG NHEO 5X6,trùng ĐUÔI MÃ nhưng TÊN lệch (D1: LÔNG NHEO 5X6) — cần chốt,0
TP LÔNG NHEO NHỎ,TP-PHOTLONG4X5X400M,TP,B-MƠ HỒ,PKC_PHOTLONG4X5X400M,LÔNG NHEO 4X5,trùng ĐUÔI MÃ nhưng TÊN lệch (D1: LÔNG NHEO 4X5) — cần chốt,0
TP PHÍM ÂM TƯỜNG KHÔNG DÂY,TP-PAT_KHONGDAY,TP,A-KHỚP,LKMT_PAT_KHONGDAY,PHÍM ÂM TƯỜNG KHÔNG DÂY,trùng ĐUÔI MÃ + tên giống 0.94,0
TP RAY HỘP TD U100,TP-RAY HỘP TD U100,TP,A-KHỚP,RT_RAY_HOP_TD_U100,RAY HỘP TD U100,trùng ĐUÔI MÃ + tên giống 0.91,0
TP RAY INOX 6P - CÓ RON,TP-RAYINOX-6P-RON,TP,A-KHỚP,RT_RAYINOX_6P_RON,RAY INOX 6P CÓ RON,trùng ĐUÔI MÃ + tên giống 0.92,0
TP RAY INOX 7P - KHÔNG RON,TP-RAYINOX-7P-KHONGRON,TP,A-KHỚP,RT_RAYINOX_7P_KHONGRON,RAY INOX 7P KHÔNG RON,trùng ĐUÔI MÃ + tên giống 0.93,0
TP RAY INOX 8P - CÓ RON,TP-RAYINOX-8P-RON,TP,A-KHỚP,RT_RAYINOX_8P_RON,RAY INOX 8P CÓ RON,trùng ĐUÔI MÃ + tên giống 0.92,0
TP RAY ĐƠN TD,TP-TD87A1 GS,TP,C-KHÔNG THẤY,,,"gợi ý xa: RT_TD87A1, TON_DLM_8D_K124, TON_DLM_7D_K124",0
TP RON INOX ĐÁY RAY,RNINOX-DR,TP,B-MƠ HỒ,RT_RINOX_DR,RON INOX ĐÁY RAY,chỉ gần đúng tên (0.91),0
TP RON LÔNG CẠNH RAY,"NVL-PHOTLONG12,5X5X120M",TP,A-KHỚP,RT_PHOTLONG12_5X5X120M,RON LÔNG CẠNH RAY,trùng ĐUÔI MÃ + tên giống 0.92,0
TP RON NHỰA ĐÁY RAY,RNHUA-DR,TP,A-KHỚP,RT_RNHUA_DR,RON NHỰA ĐÁY RAY,trùng ĐUÔI MÃ + tên giống 0.91,0
TP RON NHỰA/LÔNG CẠNH RAY,RNHUA/LONG-CR,TP,C-KHÔNG THẤY,,,"gợi ý xa: RT_RNHUA_CR, RT_PHOTLONG12_5X5X120M, RT_RNHUA_DR",0
TP TI INOX,NVL-TIINOX,TP,B-MƠ HỒ,PKC_TIINOX,TI KHÓA NGANG,trùng ĐUÔI MÃ nhưng TÊN lệch (D1: TI KHÓA NGANG) — cần chốt,0
TP V4_INOX_2ly,TP-V4_INOX,TP,A-KHỚP,PKC_V4_INOX,V4 INOX 2ly,trùng ĐUÔI MÃ + tên giống 0.88,0
TP V4_INOX_3ly,TP-V4_INOX_3LY,TP,A-KHỚP,PKC_V4_INOX_3LY,V4 INOX 3ly,trùng ĐUÔI MÃ + tên giống 0.88,0
TP Ổ KHÓA,NVL-OKHOA,TP,B-MƠ HỒ,PKC_OKHOA,Ổ KHÓA NGANG,trùng ĐUÔI MÃ nhưng TÊN lệch (D1: Ổ KHÓA NGANG) — cần chốt,0
TP-BOSTEC_PHÍM ÂM TƯỜNG,TP-MTT-BOSTEC-PAT,TP,B-MƠ HỒ,LKMT_BOSTEC_PAT,BOSTEC PHÍM ÂM TƯỜNG,chỉ gần đúng tên (0.93),0
TP-BOSTEC_TAYDK,TP-MTT-BOSTEC-TAYDK,TP,C-KHÔNG THẤY,,,"gợi ý xa: PKD_TAY_BOSTEC, LKMT_BOSTEC_DON_T, LKMT_BOSTEC_DON_P",0
TP-BỘ 3 LÁ ĐÁY,TP-BO3LADAY,TP,C-KHÔNG THẤY,,,không có ứng viên nào,0
TP-CHTAIWAN_PHÍM ÂM TƯỜNG,TP-MTT-CHTAIWAN-PAT,TP,B-MƠ HỒ,LKMT_CHTAIWAN_PAT,CHTAIWAN-PHÍM ÂM TƯỜNG,chỉ gần đúng tên (0.94),0
TP-CHTAIWAN_TAYDK,TP-MTT-CHTAIWAN-TAYDK,TP,C-KHÔNG THẤY,,,"gợi ý xa: PKD_TAY_CHTAIWAN, PKD_TAY_YHTAIWAN, LKMT_YHTAIWAN",0
TP-LÁ TRUNG GIAN,TP-TD326,TP,A-KHỚP,LA_TD326,LÁ TRUNG GIAN,trùng ĐUÔI MÃ + tên giống 0.90,0
TP-LÁ YẾM,TP-TD327,TP,A-KHỚP,LA_TD327,LÁ YẾM,trùng ĐUÔI MÃ + tên giống 0.80,0
TP-LÁ ĐÁY LỚN,TP-TD325,TP,A-KHỚP,LA_TD325,LÁ ĐÁY LỚN,trùng ĐUÔI MÃ + tên giống 0.87,0
TP-RHM8,TP-RAYHOP,TP,B-MƠ HỒ,RT_RAYHOP,RAY HỘP TD U76,trùng ĐUÔI MÃ nhưng TÊN lệch (D1: RAY HỘP TD U76) — cần chốt,0
TP-TANKER_LẮC 800&1000KG,TP-Tanker-Lac800&1000KG,TP,A-KHỚP,LKMT_TANKER_LAC800_1000KG,LẮC TANKER 800-1000KG,trùng ĐUÔI MÃ + tên giống 0.82,0
TP-TRỤC 114_1.8LY,TRỤC 114_1.8LY,TP,A-KHỚP,RT_TRUC_114_1.8LY,TRỤC 114 1.8LY,trùng TÊN,0
TP-TRỤC 114_2.1LY,TRỤC 114_2.1LY,TP,A-KHỚP,RT_TRUC_114_2.1LY,TRỤC 114 2.1LY,trùng TÊN,0
TP-TRỤC 90,NVL-TRUC90,TP,B-MƠ HỒ,RT_TRUC90,TRỤC PHI 90,trùng ĐUÔI MÃ nhưng TÊN lệch (D1: TRỤC PHI 90) — cần chốt,0
TP-V4_KẼM,NVL-V4-KEM_TOLE75_STD,TP,A-KHỚP,PKC_V4_KEM,V4 KẼM,trùng ĐUÔI MÃ + tên giống 0.80,0
TP-V4_STĐ,NVL-V4_KEM_STD,TP,B-MƠ HỒ,PKC_V4_STD,V4 STĐ (SƠN TĨNH ĐIỆN),trùng ĐUÔI MÃ nhưng TÊN lệch (D1: V4 STĐ (SƠN TĨNH ĐIỆN)) — cần chốt,0
TP-V5_KẼM,NVL-V5_KEM_STD,TP,A-KHỚP,PKC_V5_KEM,V5 KẼM,trùng ĐUÔI MÃ + tên giống 0.80,0
TP-V5_STĐ,NVL-V5_KEM_STD,TP,B-MƠ HỒ,PKC_V5_STD,V5 STĐ (SƠN TĨNH ĐIỆN),trùng ĐUÔI MÃ nhưng TÊN lệch (D1: V5 STĐ (SƠN TĨNH ĐIỆN)) — cần chốt,0
TP-YHLD-TAY ĐIỀU KHIỂN,TP-YHLD_TayDK,TP,B-MƠ HỒ,PKD_TAY_YHLD,YHLD TAY ĐIỀU KHIỂN,chỉ gần đúng tên (0.93),0
TP-YHLD_ LẮC YHLD800&1000KG,TP-LacYHLD800&1000KG,TP,A-KHỚP,LKMT_LACYHLD800_1000KG,LẮC YH 800 1000KG,trùng ĐUÔI MÃ + tên giống 0.81,0
TP-YHLD_HỘP ĐIỀU KHIỂN,TP-YHLD-HDK,TP,C-KHÔNG THẤY,,,"gợi ý xa: PKD_TAY_YHLD, LKMT_HDKMT_YH, DK_JG",0
TP-YHLD_LẮC YHLD300&500KG,TP-LacYHLD300&500KG,TP,A-KHỚP,LKMT_LACYHLD300_500KG,LẮC YH 300 500KG,trùng ĐUÔI MÃ + tên giống 0.80,0
TP-YHTAIWAN_TayDK,TP-YHTaiwan-TayDK,TP,C-KHÔNG THẤY,,,"gợi ý xa: LKMT_YHTAIWAN, PKD_TAY_YHTAIWAN, LKMT_YHTAIWAN_THAN800KG",0
Thu hồi công nợ,,NVL,C-KHÔNG THẤY,,,không có ứng viên nào,0
Thu tiền từ bán hàng,,NVL,C-KHÔNG THẤY,,,không có ứng viên nào,0
"Thuế (VAT, TNDN, nộp ngân sách nhà nước...)",,NVL,C-KHÔNG THẤY,,,không có ứng viên nào,0
"Tiền thuê nhà, tiền điện nước",,NVL,C-KHÔNG THẤY,,,gợi ý xa: PKC_TDKDT,0
Tiền lãi gửi Ngân hàng,,NVL,C-KHÔNG THẤY,,,không có ứng viên nào,0
Tiền thu khác,,NVL,C-KHÔNG THẤY,,,không có ứng viên nào,0
Tổng Tiền mặt Hiện có (trước khi rút tiền mặt),,NVL,C-KHÔNG THẤY,,,không có ứng viên nào,0
Tổng cộng,,NVL,C-KHÔNG THẤY,,,không có ứng viên nào,0
TẨY NHÔM,TẨY NHÔM,TP,A-KHỚP,PKS_TAY_NHOM,TẨY NHÔM,trùng TÊN,0
V4_INOX_2ly,TP-V4_INOX,NVL,A-KHỚP,PKC_V4_INOX,V4 INOX 2ly,trùng TÊN,0
XỐP ( TẤM NHỎ - 45cm),NVL-XOP-N45,TP,B-MƠ HỒ,PKC_XOP_N45,XỐP NHỎ,trùng ĐUÔI MÃ nhưng TÊN lệch (D1: XỐP NHỎ) — cần chốt,0
XỐP ( TẤM NHỎ - 90cm),NVL-XOP-N90,TP,B-MƠ HỒ,PKC_XOP_N90,XỐP LỚN,trùng ĐUÔI MÃ nhưng TÊN lệch (D1: XỐP LỚN) — cần chốt,0
YHLD_KHÔNG LẮC,TRU-TP_KHONGLAC_YHLD,TP,C-KHÔNG THẤY,,,không có ứng viên nào,0
