loai,item_code,ten,gia_tri_excel,gia_tri_d1,ket_luan
BAN_LA,CDUC_TD_AL595,ĐỨC AL595,0.06,0.06,KHỚP
BAN_LA,CDUC_TD_AL71N,ĐỨC AL71N,0.055,0.057,LỆCH
BAN_LA,CDUC_TD_AL503N26,ĐỨC AL503N,0.055,0.055,KHỚP
BAN_LA,CDUC_ALD_548N,ĐỨC AL548N,0.055,0.055,KHỚP
BAN_LA,CDUC_TD_AL501N,ĐỨC AL501N,0.056,0.057,LỆCH
BAN_LA,CDUC_TD_AL652N,ĐỨC AL652,0.05,0.05,KHỚP
BAN_LA,CDUC_ALD_DL552,ĐỨC AL552N,0.056,0.057,LỆCH
BAN_LA,CDUC_TD_AL752N,ĐỨC AL752N,0.05,0.05,KHỚP
BAN_LA,CDUC_TD_AL50,ĐỨC AL50,0.055,0.055,KHỚP
BAN_LA,CDUC_ALVIP50,ĐỨC AL-VIP50,0.055,0.055,KHỚP
BAN_LA,CDUC_ALVIPST500,ĐỨC AL-VIPST500,0.055,0.053,LỆCH
BAN_LA,CDUC_ALVIPST700,ĐỨC AL-VIPST700,0.05,0.05,KHỚP
BAN_LA,CDUC_AL75,ĐỨC AL75,0.066,0.067,LỆCH
GIA_Giá_niêm_yết,CDUC_TD_AL595,ĐỨC AL595,1049000,1020000,CHI_LA
GIA_Giá_có_ray,CDUC_TD_AL595,ĐỨC AL595,1124000,1095000,TANG_RAY
GIA_Giá_niêm_yết,CDUC_TD_AL71N,ĐỨC AL71N,1132000,1095000,CHI_LA
GIA_Giá_có_ray,CDUC_TD_AL71N,ĐỨC AL71N,1207000,1170000,TANG_RAY
GIA_Giá_niêm_yết,CDUC_TD_AL503N26,ĐỨC AL503N,1243000,1200000,CHI_LA
GIA_Giá_có_ray,CDUC_TD_AL503N26,ĐỨC AL503N,1318000,1275000,TANG_RAY
GIA_Giá_niêm_yết,CDUC_ALD_548N,ĐỨC AL548N,1335000,1287000,CHI_LA
GIA_Giá_có_ray,CDUC_ALD_548N,ĐỨC AL548N,1410000,1362000,TANG_RAY
GIA_Giá_niêm_yết,CDUC_TD_AL501N,ĐỨC AL501N,1421000,1371000,CHI_LA
GIA_Giá_có_ray,CDUC_TD_AL501N,ĐỨC AL501N,1496000,1446000,TANG_RAY
GIA_Giá_niêm_yết,CDUC_TD_AL652N,ĐỨC AL652,1485000,1431000,CHI_LA
GIA_Giá_có_ray,CDUC_TD_AL652N,ĐỨC AL652,1560000,1506000,TANG_RAY
GIA_Giá_niêm_yết,CDUC_ALD_DL552,ĐỨC AL552N,1598000,1540000,CHI_LA
GIA_Giá_có_ray,CDUC_ALD_DL552,ĐỨC AL552N,1673000,1615000,TANG_RAY
GIA_Giá_niêm_yết,CDUC_TD_AL752N,ĐỨC AL752N,1626000,1566000,CHI_LA
GIA_Giá_có_ray,CDUC_TD_AL752N,ĐỨC AL752N,1701000,1641000,TANG_RAY
GIA_Giá_niêm_yết,CDUC_TD_AL50,ĐỨC AL50,1750000,1685000,CHI_LA
GIA_Giá_có_ray,CDUC_TD_AL50,ĐỨC AL50,1825000,1760000,TANG_RAY
GIA_Giá_niêm_yết,CDUC_ALVIP50,ĐỨC AL-VIP50,1845000,1778000,CHI_LA
GIA_Giá_có_ray,CDUC_ALVIP50,ĐỨC AL-VIP50,1920000,1853000,TANG_RAY
GIA_Giá_niêm_yết,CDUC_ALVIPST500,ĐỨC AL-VIPST500,2188000,2108000,CHI_LA
GIA_Giá_có_ray,CDUC_ALVIPST500,ĐỨC AL-VIPST500,2263000,2183000,TANG_RAY
GIA_Giá_niêm_yết,CDUC_ALVIPST700,ĐỨC AL-VIPST700,2308000,2223000,CHI_LA
GIA_Giá_có_ray,CDUC_ALVIPST700,ĐỨC AL-VIPST700,2383000,2298000,TANG_RAY
GIA_Giá_niêm_yết,CDUC_TD_AL70,ĐỨC AL70 (2 LỚP),876000,843000,CHI_LA
GIA_Giá_có_ray,CDUC_TD_AL70,ĐỨC AL70 (2 LỚP),951000,918000,TANG_RAY
GIA_Giá_niêm_yết,CDUC_AL70_1LOP,ĐỨC AL70 (1 LỚP),1194000,1146000,CHI_LA
GIA_Giá_có_ray,CDUC_AL70_1LOP,ĐỨC AL70 (1 LỚP),1269000,1221000,TANG_RAY
GIA_Giá_niêm_yết,CDUC_AL75,ĐỨC AL75,1353000,1303000,CHI_LA
GIA_Giá_có_ray,CDUC_AL75,ĐỨC AL75,1428000,1378000,TANG_RAY
GIA_Giá_có_ray,MT_TANKER400KG,MOTOR TANKER 400KG,0,,thiếu TANG_RAY
GIA_Giá_có_ray,MT_TANKER600KG,MOTOR TANKER 600KG,0,,thiếu TANG_RAY
GIA_Giá_có_ray,MT_TANKE800KG,MOTOR TANKER 800KG,0,,thiếu TANG_RAY
GIA_Giá_có_ray,MT_TANKER1000KG,MOTOR TANKER 1000KG,0,,thiếu TANG_RAY
GIA_Giá_có_ray,LKMT_TANKER_ALUMAX_LAC33,LẮC TANKER_ALUMAX 33,0,,thiếu TANG_RAY
GIA_Giá_có_ray,LKMT_TANKER_ALUMAX_LAC36,LẮC TANKER_ALUMAX 36,0,,thiếu TANG_RAY
GIA_Giá_có_ray,LKMT_TANKER_LAC800_1000KG,LẮC TANKER_800-1000KG,0,,thiếu TANG_RAY
GIA_Giá_có_ray,LKMT_TANKER_ALUMAX,HỘP ĐK TANKER_ALUMAX,0,,thiếu TANG_RAY
GIA_Giá_có_ray,DK_TANKER_ALUMAX_BODK,BỘ ĐK TANKER_ALUMAX,0,,thiếu TANG_RAY
GIA_Giá_có_ray,PKD_TAY_TANKER_ALUMAX,TAY ĐIỀU KHIỂN TANKER,0,,thiếu TANG_RAY
GIA_Giá_có_ray,LKMT_PAT_CODAY,PHÍM ÂM TƯỜNG CÓ DÂY,0,,thiếu TANG_RAY
GIA_Giá_có_ray,LKMT_PAT_KHONGDAY,PHÍM ÂM TƯỜNG KHÔNG DÂY,0,,thiếu TANG_RAY
GIA_Giá_có_ray,LKMT_DAYDIEN_PATCD,DÂY ĐIỆN PHÍM ÂM TƯỜNG,0,,thiếu TANG_RAY
GIA_Giá_có_ray,LKMT_BOSTEC_PAT,BOSTEC_PHÍM ÂM TƯỜNG,0,,thiếu TANG_RAY
GIA_Giá_có_ray,PKD_TAY_BOSTEC,BOSTEC TAY ĐIỀU KHIỂN,0,,thiếu TANG_RAY
GIA_Giá_có_ray,DK_BOSTEC,BOSTEC BỘ ĐIỀU KHIỂN,0,,thiếu TANG_RAY
GIA_Giá_có_ray,LKMT_CHTAIWAN_PAT,CHTAIWAN-PHÍM ÂM TƯỜNG,0,,thiếu TANG_RAY
GIA_Giá_có_ray,PKD_TAY_CHTAIWAN,CHTAIWAN-TAY ĐIỀU KHIỂN,0,,thiếu TANG_RAY
GIA_Giá_có_ray,DK_CHTAIWAN,CHTAIWAN BỘ ĐIỀU KHIỂN,0,,thiếu TANG_RAY
GIA_Giá_có_ray,LKMT_BOSTEC_DOI_P,MTT BOSTEC ĐÔI - PHẢI,0,,thiếu TANG_RAY
GIA_Giá_có_ray,LKMT_BOSTEC_DOI_T,MTT BOSTEC ĐÔI - TRÁI,0,,thiếu TANG_RAY
GIA_Giá_có_ray,LKMT_BOSTEC_DON_P,MTT BOSTEC ĐƠN - PHẢI,0,,thiếu TANG_RAY
GIA_Giá_có_ray,LKMT_BOSTEC_DON_T,MTT BOSTEC ĐƠN - TRÁI,0,,thiếu TANG_RAY
GIA_Giá_có_ray,LKMT_CHTAIWAN_DOI_T,MTT CHTAIWAN ĐÔI - TRÁI,0,,thiếu TANG_RAY
GIA_Giá_có_ray,LKMT_CHTAIWAN_DOI_P,MTT CHTAIWAN ĐÔI - PHẢI,0,,thiếu TANG_RAY
GIA_Giá_có_ray,LKMT_CHTAIWAN_DON_P,MTT CHTAIWAN ĐƠN - PHẢI,0,,thiếu TANG_RAY
GIA_Giá_có_ray,LKMT_CHTAIWAN_DON_T,MTT CHTAIWAN ĐƠN - TRÁI,0,,thiếu TANG_RAY
GIA_Giá_có_ray,MT_YHTAIWAN_CH_300KG,MOTOR YHTAIWAN CH 300KG,0,,thiếu TANG_RAY
GIA_Giá_có_ray,MT_YHTAIWAN_CH_500KG,MOTOR YHTAIWAN CH 500KG,0,,thiếu TANG_RAY
GIA_Giá_có_ray,MT_YHTAIWAN_CH_400KG,MOTOR YHTAIWAN CH 400KG,0,,thiếu TANG_RAY
GIA_Giá_có_ray,MT_YHTAIWAN_CH_600KG,MOTOR YHTAIWAN CH 600KG,0,,thiếu TANG_RAY
GIA_Giá_có_ray,MT_YHTAIWAN_CH_700KG,MOTOR YHTAIWAN CH 700KG,0,,thiếu TANG_RAY
GIA_Giá_có_ray,MT_YHTAIWAN_CH_800KG,MOTOR YHTAIWAN CH 800KG,0,,thiếu TANG_RAY
GIA_Giá_có_ray,MT_YHTAIWAN_CH_1000KG,MOTOR YHTAIWAN CH 1000KG,0,,thiếu TANG_RAY
GIA_Giá_có_ray,DK_YHTAIWAN,YHTAIWAN_BỘ ĐIỀU KHIỂN,0,,thiếu TANG_RAY
GIA_Giá_có_ray,PKD_TAY_YHTAIWAN,YHTAIWAN_TAY ĐIỀU KHIỂN,0,,thiếu TANG_RAY
GIA_Giá_có_ray,PKC_XOP_N45,XỐP NHỎ,0,,thiếu TANG_RAY
GIA_Giá_có_ray,PKC_XOP_N90,XỐP LỚN,0,,thiếu TANG_RAY
GIA_Giá_niêm_yết,PKC_CHNHUA,VÒNG NHỰA HÃM TRỤC,75000,,D1 trống
GIA_Giá_có_ray,PKC_CHNHUA,VÒNG NHỰA HÃM TRỤC,0,,thiếu TANG_RAY
GIA_Giá_niêm_yết,RT_TRUC34,TRỤC PHI 34,150000,,D1 trống
GIA_Giá_có_ray,RT_TRUC34,TRỤC PHI 34,0,,thiếu TANG_RAY
GIA_Giá_có_ray,PKC_VDAY_TDU_KTD,THANH ĐÁY ÚC_KTD,0,,thiếu TANG_RAY
GIA_Giá_có_ray,PKC_RONDAYUC,RON ĐÁY ÚC,0,,thiếu TANG_RAY
GIA_Giá_có_ray,LKMT_LACYHLD300_500KG,LẮC YH 300_500KG,0,,thiếu TANG_RAY
GIA_Giá_có_ray,LKMT_LACYHLD800_1000KG,LẮC YH 800_1000KG,0,,thiếu TANG_RAY
GIA_Giá_có_ray,DK_YHLD,BỘ ĐIỀU KHIỂN YHLD,0,,thiếu TANG_RAY
GIA_Giá_có_ray,PKD_HOP_YHLD,HỘP ĐIỀU KHIỂN YHLD,0,,thiếu TANG_RAY
GIA_Giá_có_ray,MT_TANKER_NHONG,NHÔNG MOTOR TANKER,0,,thiếu TANG_RAY
GIA_Giá_có_ray,LKMT_LONGDEN,LÔNG ĐỀN,0,,thiếu TANG_RAY
GIA_Giá_có_ray,LKMT_HOAKHE,HOA KHẾ (3 CHẤU),0,,thiếu TANG_RAY
GIA_Giá_có_ray,LKMT_COT,CỐT,0,,thiếu TANG_RAY
GIA_Giá_có_ray,PKC_NAPCHUP_BACDAN,BẠC ĐẠN + NẮP CHỤP,0,,thiếu TANG_RAY
GIA_Giá_có_ray,DK_BDK_TANKER_ALUMAX,BỘ ĐIỀU KHIỂN TANKER_ALUMAX,0,,thiếu TANG_RAY
GIA_Giá_có_ray,MT_YHLD300KG,MOTOR YHLD 300KG,0,,thiếu TANG_RAY
GIA_Giá_có_ray,MT_YHLD500KG,MOTOR YHLD 500KG,0,,thiếu TANG_RAY
GIA_Giá_có_ray,PKD_TAY_YHLD,YHLD TAY ĐIỀU KHIỂN,0,,thiếu TANG_RAY
GIA_Giá_có_ray,MT_YHLD800KG,MOTOR YHLD 800KG,0,,thiếu TANG_RAY
GIA_Giá_có_ray,MT_YHLD1000KG,MOTOR YHLD 1000KG,0,,thiếu TANG_RAY
GIA_Giá_niêm_yết,MT_JG300KG,MOTOR JG 300KG,3650000,3550000,STANDARD
GIA_Giá_có_ray,MT_JG300KG,MOTOR JG 300KG,0,,thiếu TANG_RAY
GIA_Giá_niêm_yết,MT_JG400KG,MOTOR JG 400KG,4150000,4050000,STANDARD
GIA_Giá_có_ray,MT_JG400KG,MOTOR JG 400KG,0,,thiếu TANG_RAY
GIA_Giá_có_ray,MT_JG500KG,MOTOR JG 500KG,0,,thiếu TANG_RAY
GIA_Giá_niêm_yết,MT_JG600KG,MOTOR JG 600KG,4300000,4250000,STANDARD
GIA_Giá_có_ray,MT_JG600KG,MOTOR JG 600KG,0,,thiếu TANG_RAY
GIA_Giá_có_ray,MT_JG800KG,MOTOR JG 800KG,0,,thiếu TANG_RAY
GIA_Giá_có_ray,MT_JG1000KG,MOTOR JG 1000KG,0,,thiếu TANG_RAY
GIA_Giá_có_ray,MT_JG1500KG,MOTOR JG 1500KG,0,,thiếu TANG_RAY
GIA_Giá_có_ray,PKD_TAY_JG,JG_TAY ĐIỀU KHIỂN,0,,thiếu TANG_RAY
GIA_Giá_có_ray,DK_JG,JG_BỘ ĐIỀU KHIỂN,0,,thiếu TANG_RAY
GIA_Giá_có_ray,LKMT_NAPNHIN,NẮP NHÌN,0,,thiếu TANG_RAY
GIA_Giá_có_ray,DK_MULLER,BỘ ĐIỀU KHIỂN ĐIỆN THOẠI MULLER,0,,thiếu TANG_RAY
GIA_Giá_có_ray,PKD_TAY_MULLER,TAY ĐIỀU KHIỂN ĐIỆN THOẠI MULLER,0,,thiếu TANG_RAY
GIA_Giá_có_ray,PKC_GOIGANG,GỐI GANG,0,,thiếu TANG_RAY
GIA_Giá_có_ray,PKC_BANBUOM_FE,BẮN BƯỚM SẮT,0,,thiếu TANG_RAY
GIA_Giá_niêm_yết,PKC_BANBUOM_FE,BẮN BƯỚM SẮT,60000,30000,STANDARD
GIA_Giá_có_ray,PKC_BANBUOM_FE,BẮN BƯỚM SẮT,0,,thiếu TANG_RAY
GIA_Giá_có_ray,PKC_CHONGXOLO,CHỐNG XỔ LÔ,0,,thiếu TANG_RAY
GIA_Giá_có_ray,CKDL_CUAKEODL,CỬA KÉO ĐL,0,,thiếu TANG_RAY
GIA_Giá_có_ray,LKMT_LACPHU33_3LO,LẮC PHỤ 33-3 LỔ (ĐÀI LOAN),0,,thiếu TANG_RAY
GIA_Giá_có_ray,LKMT_LACPHU36_3LO,LẮC PHỤ 36-3 LỔ (ĐÀI LOAN),0,,thiếu TANG_RAY
GIA_Giá_có_ray,LKMT_LACPHU33_1LO,LẮC PHỤ 33-1 LỔ,0,,thiếu TANG_RAY
GIA_Giá_có_ray,LKMT_LACPHU36_1LO,LẮC PHỤ 36-1 LỔ,0,,thiếu TANG_RAY
GIA_Giá_có_ray,MT_ALUMAX400KG,MOTOR ALUMAX 400KG,0,,thiếu TANG_RAY
GIA_Giá_có_ray,MT_ALUMAX600KG,MOTOR ALUMAX 600KG,0,,thiếu TANG_RAY
GIA_Giá_có_ray,BLD_UPS_YH1000,Bình lưu điện YH1000,0,,thiếu TANG_RAY
GIA_Giá_có_ray,BLD_UPS_YH2000,Bình lưu điện YH2000,0,,thiếu TANG_RAY
GIA_Giá_có_ray,BLD_UPS_E800I,Bình lưu điện Alumax E800i,0,,thiếu TANG_RAY
GIA_Giá_có_ray,BLD_UPS_E1000I,Bình lưu điện Alumax E1000i,0,,thiếu TANG_RAY
GIA_Giá_niêm_yết,RT_RAYHOP,RAY HỘP TD U76,190000,175000,STANDARD
GIA_Giá_có_ray,RT_RAYHOP,RAY HỘP TD U76,0,,thiếu TANG_RAY
GIA_Giá_có_ray,RT_TD87A1,RAY ĐƠN TD U76,0,,thiếu TANG_RAY
GIA_Giá_niêm_yết,RT_RAY_HOP_TD_U100,RAY HỘP TD U100,250000,230000,STANDARD
GIA_Giá_có_ray,RT_RAY_HOP_TD_U100,RAY HỘP TD U100,0,,thiếu TANG_RAY
GIA_Giá_có_ray,LA_A282,LÁ ĐẦU,0,,thiếu TANG_RAY
GIA_Giá_có_ray,LA_TD327,LÁ YẾM,0,,thiếu TANG_RAY
GIA_Giá_có_ray,LA_TD326,LÁ TRUNG GIAN,0,,thiếu TANG_RAY
GIA_Giá_có_ray,LA_TD325,LÁ ĐÁY LỚN,0,,thiếu TANG_RAY
GIA_Giá_có_ray,PKC_PHOTLONG4X5X400M,LÔNG NHEO 4X5,0,,thiếu TANG_RAY
GIA_Giá_có_ray,PKC_PHOTLONG5X6X400M,LÔNG NHEO 5X6,0,,thiếu TANG_RAY
GIA_Giá_có_ray,PKC_RON_DD,RON ĐÁY ĐỨC,0,,thiếu TANG_RAY
GIA_Giá_có_ray,PKC_RONNHUA_INOX,RON NHỰA + INOX,0,,thiếu TANG_RAY
GIA_Giá_có_ray,RT_RNHUA_DR,RON NHỰA ĐÁY RAY,0,,thiếu TANG_RAY
GIA_Giá_có_ray,RT_RINOX_DR,RON INOX ĐÁY RAY,0,,thiếu TANG_RAY
GIA_Giá_có_ray,RT_RNHUA_CR,RON NHỰA CẠNH RAY,0,,thiếu TANG_RAY
GIA_Giá_có_ray,RT_PHOTLONG12_5X5X120M,RON LÔNG CẠNH RAY,0,,thiếu TANG_RAY
GIA_Giá_có_ray,PKC_BO_2VIS_752_VIPST700,BỌ 2VIS 752-VIPST700,0,,thiếu TANG_RAY
GIA_Giá_có_ray,PKC_BO_1VIS_AL702LOP,BỌ 1 VIS-AL702LOP,0,,thiếu TANG_RAY
GIA_Giá_có_ray,PKC_BO_1VIS_AL701LOP,BỌ 1 VIS-AL701LOP,0,,thiếu TANG_RAY
GIA_Giá_có_ray,PKC_BO_1VIS_AL75,BỌ 1VIS-AL75,0,,thiếu TANG_RAY
GIA_Giá_có_ray,PKC_BO_2VIS_AL50_VIP50_548_ST500,BỌ 2VIS-AL50-VIP50-AL548-ST500,0,,thiếu TANG_RAY
GIA_Giá_có_ray,PKC_BO_1VIS_AL503C,BỌ 1VIS_AL503C,0,,thiếu TANG_RAY
GIA_Giá_có_ray,PKDUC_BO_1VIS_503N_71_595,BỌ 1VIS 503N-71-595,0,,thiếu TANG_RAY
GIA_Giá_niêm_yết,PKDUC_BO_2VIS_501_552,BỌ 2VIS-501-552,2500,,D1 trống
GIA_Giá_có_ray,PKDUC_BO_2VIS_501_552,BỌ 2VIS-501-552,0,,thiếu TANG_RAY
GIA_Giá_có_ray,PKDUC_BO_2VIS_652_548C,BỌ 2VIS-652-548C,0,,thiếu TANG_RAY
GIA_Giá_niêm_yết,PKDUC_CBD,CÒI BÁO ĐỘNG,145000,,D1 trống
GIA_Giá_có_ray,PKDUC_CBD,CÒI BÁO ĐỘNG,0,,thiếu TANG_RAY
GIA_Giá_có_ray,PKDUC_HTTD,HỆ THỐNG TỰ DỪNG,0,,thiếu TANG_RAY
GIA_Giá_có_ray,PKDUC_CON_LAN,CON LĂN,0,,thiếu TANG_RAY
GIA_Giá_niêm_yết,PKDUC_PL114_NHO,PULY 114 NHỎ,22000,,D1 trống
GIA_Giá_có_ray,PKDUC_PL114_NHO,PULY 114 NHỎ,0,,thiếu TANG_RAY
GIA_Giá_niêm_yết,PKDUC_PL114_LON,PULY 114 LỚN,30000,,D1 trống
GIA_Giá_có_ray,PKDUC_PL114_LON,PULY 114 LỚN,0,,thiếu TANG_RAY
GIA_Giá_có_ray,PKDUC_PULY_168,PULY 168,0,,thiếu TANG_RAY
GIA_Giá_có_ray,PKDUC_PULY_140,PULY 140,0,,thiếu TANG_RAY
GIA_Giá_niêm_yết,RT_TRUC_114_1.8LY,TRỤC 114_1.8LY,180000,,D1 trống
GIA_Giá_có_ray,RT_TRUC_114_1.8LY,TRỤC 114_1.8LY,0,,thiếu TANG_RAY
GIA_Giá_niêm_yết,RT_TRUC_114_2.1LY,TRỤC 114_2.1LY,200000,,D1 trống
GIA_Giá_có_ray,RT_TRUC_114_2.1LY,TRỤC 114_2.1LY,0,,thiếu TANG_RAY
GIA_Giá_có_ray,RT_TRUC90,TRỤC PHI 90,0,,thiếu TANG_RAY
GIA_Giá_niêm_yết,RT_TRUC140,TRỤC 140,290000,,D1 trống
GIA_Giá_có_ray,RT_TRUC140,TRỤC 140,0,,thiếu TANG_RAY
GIA_Giá_niêm_yết,RT_TRUC168,TRỤC 168,520000,,D1 trống
GIA_Giá_có_ray,RT_TRUC168,TRỤC 168,0,,thiếu TANG_RAY
GIA_Giá_niêm_yết,CUC_UC_KT_4D,CỬA ÚC KT 4D,365000,,D1 trống
GIA_Giá_có_ray,CUC_UC_KT_4D,CỬA ÚC KT 4D,0,,thiếu TANG_RAY
GIA_Giá_niêm_yết,CUC_UC_MTN_4D,CỬA ÚC MTN 4D,345000,,D1 trống
GIA_Giá_có_ray,CUC_UC_MTN_4D,CỬA ÚC MTN 4D,0,,thiếu TANG_RAY
GIA_Giá_niêm_yết,CUC_UC_KT_4_6D,CỬA ÚC KT 4.6D,395000,,D1 trống
GIA_Giá_có_ray,CUC_UC_KT_4_6D,CỬA ÚC KT 4.6D,0,,thiếu TANG_RAY
GIA_Giá_niêm_yết,CUC_UC_MTN_4_6D,CỬA ÚC MTN 4.6D,375000,,D1 trống
GIA_Giá_có_ray,CUC_UC_MTN_4_6D,CỬA ÚC MTN 4.6D,0,,thiếu TANG_RAY
GIA_Giá_niêm_yết,CUC_UC_KT_5_5D,CỬA ÚC KT 5.5D,425000,,D1 trống
GIA_Giá_có_ray,CUC_UC_KT_5_5D,CỬA ÚC KT 5.5D,0,,thiếu TANG_RAY
GIA_Giá_niêm_yết,CUC_UC_MTN_5_5D,CỬA ÚC MTN 5.5D,405000,,D1 trống
GIA_Giá_có_ray,CUC_UC_MTN_5_5D,CỬA ÚC MTN 5.5D,0,,thiếu TANG_RAY
GIA_Giá_niêm_yết,CDUC_DUC_KT_AL70_2_LOP,CỬA ĐỨC KÉO TAY AL70 (2 LỚP),855000,,D1 trống
GIA_Giá_có_ray,CDUC_DUC_KT_AL70_2_LOP,CỬA ĐỨC KÉO TAY AL70 (2 LỚP),0,,thiếu TANG_RAY
GIA_Giá_niêm_yết,CDUC_DUC_KT_AL70,CỬA ĐỨC KÉO TAY AL70 (1 LỚP),1173000,,D1 trống
GIA_Giá_có_ray,CDUC_DUC_KT_AL70,CỬA ĐỨC KÉO TAY AL70 (1 LỚP),0,,thiếu TANG_RAY
GIA_Giá_có_ray,PKC_KN,KHÓA NGANG,0,,thiếu TANG_RAY
GIA_Giá_có_ray,PKC_OKHOA,Ổ KHÓA NGANG,0,,thiếu TANG_RAY
GIA_Giá_niêm_yết,PKC_TIINOX,TI KHÓA NGANG,150000,,D1 trống
GIA_Giá_có_ray,PKC_TIINOX,TI KHÓA NGANG,0,,thiếu TANG_RAY
GIA_Giá_niêm_yết,PKC_BKAN,BÁT KHÓA ÂM NỀN,88000,22000,STANDARD
GIA_Giá_có_ray,PKC_BKAN,BÁT KHÓA ÂM NỀN,0,,thiếu TANG_RAY
GIA_Giá_có_ray,PKC_LX_5.5_X_70_X_46V,HH LÒ XO 46V,0,,thiếu TANG_RAY
GIA_Giá_có_ray,PKC_LX_5.5_X_70_X_50V,HH LÒ XO 50V,0,,thiếu TANG_RAY
GIA_Giá_có_ray,PKC_LV_6.0_X_70_X_53V,HH LÒ XO 53V,0,,thiếu TANG_RAY
GIA_Giá_có_ray,PKC_LV_6.5_X_80_X_63V,HH LÒ XO 63V,0,,thiếu TANG_RAY
GIA_Giá_có_ray,PKC_LV_6.5_X_80_X_68V,HH LÒ XO 68V,0,,thiếu TANG_RAY
GIA_Giá_có_ray,PKC_LV_7.0_X_90_X_65V,HH LÒ XO 65V,0,,thiếu TANG_RAY
GIA_Giá_có_ray,PKC_LV_7.0_X_90_X_73V,HH LÒ XO 73V,0,,thiếu TANG_RAY
GIA_Giá_có_ray,PKC_LV_7.0_X_90_X_83V,HH LÒ XO 83V,0,,thiếu TANG_RAY
GIA_Giá_có_ray,RT_RAYNHOMUC,TP-RAYNHOMUC,0,,thiếu TANG_RAY
GIA_Giá_có_ray,PKC_PULYUC34,NVL-PULYUC34,0,,thiếu TANG_RAY
GIA_Giá_có_ray,PKC_PULYUC114,NVL-PULYUC114,0,,thiếu TANG_RAY
GIA_Giá_có_ray,PKC_GOIFE,GỐI SẮT,0,,thiếu TANG_RAY
GIA_Giá_niêm_yết,PKC_GIAT,GIÁ T,120000,128000,STANDARD
GIA_Giá_có_ray,PKC_GIAT,GIÁ T,0,,thiếu TANG_RAY
GIA_Giá_có_ray,RT_RAY_U70_KRON,RAY SẮT U70 (KHÔNG RON),0,,thiếu TANG_RAY
GIA_Giá_có_ray,RT_RAY_U100_1.2LY_KRON,RAY SẮT U100-1.2ly (KHÔNG RON),0,,thiếu TANG_RAY
GIA_Giá_có_ray,RT_RAY_U100_1.2LY_RON,RAY SẮT U100-1.2ly (CÓ RON),0,,thiếu TANG_RAY
GIA_Giá_có_ray,RT_RAY_U100_1.4LY_KRON,RAY SẮT U100-1.4ly (KHÔNG RON),0,,thiếu TANG_RAY
GIA_Giá_có_ray,RT_RAY_U100_1.4LY_RON,RAY SẮT U100-1.4ly (CÓ RON),0,,thiếu TANG_RAY
GIA_Giá_niêm_yết,RT_RAY_U100_1.4LY_RON_TD,RAY SẮT U100-1.4ly (CÓ RON+TỰ DỪNG),135000,,D1 trống
GIA_Giá_có_ray,RT_RAY_U100_1.4LY_RON_TD,RAY SẮT U100-1.4ly (CÓ RON+TỰ DỪNG),0,,thiếu TANG_RAY
GIA_Giá_có_ray,RT_RAY_U70_RON,RAY SẮT U70 (CÓ RON),0,,thiếu TANG_RAY
GIA_Giá_niêm_yết,PKC_V4_KEM,V4_KẼM,75000,55000,STANDARD
GIA_Giá_có_ray,PKC_3X6M,SẮT VUÔNG 3X6M,0,,thiếu TANG_RAY
GIA_Giá_niêm_yết,TON_DLM_6D_K124,TP LÁ ĐÀI LOAN 6D,280000,,D1 trống
GIA_Giá_niêm_yết,TON_DLM_7D_K124,TP LÁ ĐÀI LOAN 7D,300000,,D1 trống
GIA_Giá_niêm_yết,TON_DLM_1LY_K124,TP LÁ ĐÀI LOAN 1LY,380000,,D1 trống
