"Nhóm hàng","Mã hàng","Tên hàng","ĐVT tồn","ĐVT mua","ĐVT bán","Hệ số quy đổi","Bản chất","Giai đoạn vật tư","Nguồn cung","Ngừng KD","Ghi chú"
"Bình lưu điện","BLD_UPS_E1000I","Bình lưu điện Alumax E1000i","Bộ","Bộ","Bộ","","Hàng tồn kho","Hàng hoá","Mua ngoài","",""
"Bình lưu điện","BLD_UPS_E800I","Bình lưu điện Alumax E800i","Bộ","Bộ","Bộ","","Hàng tồn kho","Hàng hoá","Mua ngoài","",""
"Bình lưu điện","BLD_UPS_YH1000","Bình lưu điện YH1000","Bộ","Bộ","Bộ","","Hàng tồn kho","Hàng hoá","Mua ngoài","",""
"Bình lưu điện","BLD_UPS_YH2000","Bình lưu điện YH2000","Bộ","Bộ","Bộ","","Hàng tồn kho","Hàng hoá","Mua ngoài","",""
"Điều khiển & phụ kiện điện","DK_BDK_TANKER_ALUMAX","BỘ ĐIỀU KHIỂN TANKER ALUMAX","Bộ","Bộ","Bộ","","Hàng tồn kho","Hàng hoá","Mua ngoài","",""
"Điều khiển & phụ kiện điện","DK_BOSTEC","BOSTEC BỘ ĐIỀU KHIỂN","Cái","Cái","Cái","","Hàng tồn kho","Hàng hoá","Mua ngoài","",""
"Điều khiển & phụ kiện điện","DK_CHTAIWAN","CHTAIWAN BỘ ĐIỀU KHIỂN","Cái","Cái","Cái","","Hàng tồn kho","Hàng hoá","Mua ngoài","",""
"Điều khiển & phụ kiện điện","DK_JG","JG BỘ ĐIỀU KHIỂN","Cái","Cái","Cái","","Hàng tồn kho","Hàng hoá","Mua ngoài","",""
"Điều khiển & phụ kiện điện","DK_MULLER","BỘ ĐIỀU KHIỂN ĐIỆN THOẠI MULLER","Bộ","Bộ","Bộ","","Hàng tồn kho","Hàng hoá","Mua ngoài","",""
"Điều khiển & phụ kiện điện","DK_TANKER_ALUMAX_BODK","BỘ ĐK TANKER ALUMAX","Bộ","Bộ","Bộ","","Hàng tồn kho","Hàng hoá","Mua ngoài","",""
"Điều khiển & phụ kiện điện","DK_YHLD","BỘ ĐIỀU KHIỂN YHLD","Bộ","Bộ","Bộ","","Hàng tồn kho","Hàng hoá","Mua ngoài","",""
"Điều khiển & phụ kiện điện","DK_YHTAIWAN","YHTAIWAN BỘ ĐIỀU KHIỂN","Bộ","Bộ","Bộ","","Hàng tồn kho","Hàng hoá","Mua ngoài","",""
"Điều khiển & phụ kiện điện","PKD_HOP_YHLD","HỘP ĐIỀU KHIỂN YHLD","Cái","Cái","Cái","","Hàng tồn kho","Hàng hoá","Mua ngoài","",""
"Điều khiển & phụ kiện điện","PKD_TAY_BOSTEC","BOSTEC TAY ĐIỀU KHIỂN","Cái","Cái","Cái","","Hàng tồn kho","Hàng hoá","Mua ngoài","",""
"Điều khiển & phụ kiện điện","PKD_TAY_CHTAIWAN","CHTAIWAN-TAY ĐIỀU KHIỂN","Cái","Cái","Cái","","Hàng tồn kho","Hàng hoá","Mua ngoài","",""
"Điều khiển & phụ kiện điện","PKD_TAY_JG","JG TAY ĐIỀU KHIỂN","Cái","Cái","Cái","","Hàng tồn kho","Hàng hoá","Mua ngoài","",""
"Điều khiển & phụ kiện điện","PKD_TAY_MULLER","TAY ĐIỀU KHIỂN ĐIỆN THOẠI MULLER","Cái","Cái","Cái","","Hàng tồn kho","Hàng hoá","Mua ngoài","",""
"Điều khiển & phụ kiện điện","PKD_TAY_TANKER_ALUMAX","TAY ĐIỀU KHIỂN TANKER","Cái","Cái","Cái","","Hàng tồn kho","Hàng hoá","Mua ngoài","",""
"Điều khiển & phụ kiện điện","PKD_TAY_YHLD","YHLD TAY ĐIỀU KHIỂN","Cái","Cái","Cái","","Hàng tồn kho","Hàng hoá","Mua ngoài","",""
"Điều khiển & phụ kiện điện","PKD_TAY_YHTAIWAN","YHTAIWAN TAY ĐIỀU KHIỂN","Cái","Cái","Cái","","Hàng tồn kho","Hàng hoá","Mua ngoài","",""
"Linh kiện motor","LKMT_ALUMAX_PATCD","ALUMAX PHÍM ÂM TƯỜNG CÓ DÂY","Bộ","Bộ","Bộ","","Hàng tồn kho","Nguyên vật liệu","Mua ngoài","",""
"Linh kiện motor","LKMT_BACDAN","BẠC ĐẠN MOTOR","Bộ","Bộ","Bộ","","Hàng tồn kho","Nguyên vật liệu","Mua ngoài","",""
"Linh kiện motor","LKMT_BOSTEC_DOI_P","MTT BOSTEC ĐÔI PHẢI","Bộ","Bộ","Bộ","","Hàng tồn kho","Nguyên vật liệu","Mua ngoài","",""
"Linh kiện motor","LKMT_BOSTEC_DOI_T","MTT BOSTEC ĐÔI TRÁI","Bộ","Bộ","Bộ","","Hàng tồn kho","Nguyên vật liệu","Mua ngoài","",""
"Linh kiện motor","LKMT_BOSTEC_DON_P","MTT BOSTEC ĐƠN PHẢI","Bộ","Bộ","Bộ","","Hàng tồn kho","Nguyên vật liệu","Mua ngoài","",""
"Linh kiện motor","LKMT_BOSTEC_DON_T","MTT BOSTEC ĐƠN TRÁI","Bộ","Bộ","Bộ","","Hàng tồn kho","Nguyên vật liệu","Mua ngoài","",""
"Linh kiện motor","LKMT_BOSTEC_PAT","BOSTEC PHÍM ÂM TƯỜNG","Bộ","Bộ","Bộ","","Hàng tồn kho","Nguyên vật liệu","Mua ngoài","",""
"Linh kiện motor","LKMT_CHTAIWAN_DOI_P","MTT CHTAIWAN ĐÔI PHẢI","Bộ","Bộ","Bộ","","Hàng tồn kho","Nguyên vật liệu","Mua ngoài","",""
"Linh kiện motor","LKMT_CHTAIWAN_DOI_T","MTT CHTAIWAN ĐÔI TRÁI","Bộ","Bộ","Bộ","","Hàng tồn kho","Nguyên vật liệu","Mua ngoài","",""
"Linh kiện motor","LKMT_CHTAIWAN_DON_P","MTT CHTAIWAN ĐƠN PHẢI","Bộ","Bộ","Bộ","","Hàng tồn kho","Nguyên vật liệu","Mua ngoài","",""
"Linh kiện motor","LKMT_CHTAIWAN_DON_T","MTT CHTAIWAN ĐƠN TRÁI","Bộ","Bộ","Bộ","","Hàng tồn kho","Nguyên vật liệu","Mua ngoài","",""
"Linh kiện motor","LKMT_CHTAIWAN_PAT","CHTAIWAN-PHÍM ÂM TƯỜNG","Bộ","Bộ","Bộ","","Hàng tồn kho","Nguyên vật liệu","Mua ngoài","",""
"Linh kiện motor","LKMT_COT","CỐT","Kg","Kg","Cây","Cây = 0","Hàng tồn kho","Nguyên vật liệu","Mua ngoài","",""
"Linh kiện motor","LKMT_DAYDIEN_PATCD","DÂY ĐIỆN PHÍM ÂM TƯỜNG","Mét","Mét","Mét","","Hàng tồn kho","Nguyên vật liệu","Mua ngoài","",""
"Linh kiện motor","LKMT_HDKMT_AL","HỘP ĐIỀU KHIỂN MOTOR ALUMAX","Cái","Cái","Cái","","Hàng tồn kho","Nguyên vật liệu","Mua ngoài","",""
"Linh kiện motor","LKMT_HDKMT_JG","HỘP ĐIỀU KHIỂN MOTOR JG","Cái","Cái","Cái","","Hàng tồn kho","Nguyên vật liệu","Mua ngoài","",""
"Linh kiện motor","LKMT_HDKMT_TANKER","HỘP ĐIỀU KHIỂN MOTOR TANKER","Cái","Cái","Cái","","Hàng tồn kho","Nguyên vật liệu","Mua ngoài","",""
"Linh kiện motor","LKMT_HDKMT_YH","HỘP ĐIỀU KHIỂN YH","Cái","Cái","Cái","","Hàng tồn kho","Nguyên vật liệu","Mua ngoài","",""
"Linh kiện motor","LKMT_HOAKHE","HOA KHẾ (3 CHẤU)","Cái","Cái","Cái","","Hàng tồn kho","Nguyên vật liệu","Mua ngoài","",""
"Linh kiện motor","LKMT_JG_BDN","JG BẠC ĐẠN","Bộ","Bộ","Bộ","","Hàng tồn kho","Nguyên vật liệu","Mua ngoài","",""
"Linh kiện motor","LKMT_JG_PATCD","JG PHÍM ÂM TƯỜNG CÓ DÂY","Bộ","Bộ","Bộ","","Hàng tồn kho","Nguyên vật liệu","Mua ngoài","",""
"Linh kiện motor","LKMT_LACJG1000_1500KG","JG LacJG1000-1500KG","Cái","Cái","Cái","","Hàng tồn kho","Nguyên vật liệu","Mua ngoài","",""
"Linh kiện motor","LKMT_LACJG33","JG LacJG33","Cái","Cái","Cái","","Hàng tồn kho","Nguyên vật liệu","Mua ngoài","",""
"Linh kiện motor","LKMT_LACPHU33_1LO","LẮC PHỤ 33-1 LỔ","Cái","Cái","Cái","","Hàng tồn kho","Nguyên vật liệu","Mua ngoài","",""
"Linh kiện motor","LKMT_LACPHU33_3LO","LẮC PHỤ 33-3 LỔ (ĐÀI LOAN)","Cái","Cái","Cái","","Hàng tồn kho","Nguyên vật liệu","Mua ngoài","",""
"Linh kiện motor","LKMT_LACPHU36_1LO","LẮC PHỤ 36-1 LỔ","Cái","Cái","Cái","","Hàng tồn kho","Nguyên vật liệu","Mua ngoài","",""
"Linh kiện motor","LKMT_LACPHU36_3LO","LẮC PHỤ 36-3 LỔ (ĐÀI LOAN)","Cái","Cái","Cái","","Hàng tồn kho","Nguyên vật liệu","Mua ngoài","",""
"Linh kiện motor","LKMT_LACYHLD300_500KG","LẮC YH 300 500KG","Cái","Cái","Cái","","Hàng tồn kho","Nguyên vật liệu","Mua ngoài","",""
"Linh kiện motor","LKMT_LACYHLD800_1000KG","LẮC YH 800 1000KG","Cái","Cái","Cái","","Hàng tồn kho","Nguyên vật liệu","Mua ngoài","",""
"Linh kiện motor","LKMT_LMT_AL400","LẮC MOTOR ALUMAX 400 KG","Cái","Cái","Cái","","Hàng tồn kho","Nguyên vật liệu","Mua ngoài","",""
"Linh kiện motor","LKMT_LMT_AL600","LẮC MOTOR ALUMAX 600 KG","Cái","Cái","Cái","","Hàng tồn kho","Nguyên vật liệu","Mua ngoài","",""
"Linh kiện motor","LKMT_LMT_JG1000","LẮC MOTOR JG 1000KG (CHÍNH HÃNG)","Cái","Cái","Cái","","Hàng tồn kho","Nguyên vật liệu","Mua ngoài","",""
"Linh kiện motor","LKMT_LMT_JG1500","LẮC MOTOR JG 1500KG (CHÍNH HÃNG)","Cái","Cái","Cái","","Hàng tồn kho","Nguyên vật liệu","Mua ngoài","",""
"Linh kiện motor","LKMT_LMT_JG300_600","LẮC MOTOR JG 300KG-600KG (CHÍNH HÃNG)","Cái","Cái","Cái","","Hàng tồn kho","Nguyên vật liệu","Mua ngoài","",""
"Linh kiện motor","LKMT_LMT_JG500","LẮC MOTOR JG 500KG (CHÍNH HÃNG)","Cái","Cái","Cái","","Hàng tồn kho","Nguyên vật liệu","Mua ngoài","",""
"Linh kiện motor","LKMT_LMT_JG600","LẮC MOTOR JG 600KG (CHÍNH HÃNG)","Cái","Cái","Cái","","Hàng tồn kho","Nguyên vật liệu","Mua ngoài","",""
"Linh kiện motor","LKMT_LMT_JG800_1000","LẮC MOTOR JG 800KG-1000KG (CHÍNH HÃNG)","Cái","Cái","Cái","","Hàng tồn kho","Nguyên vật liệu","Mua ngoài","",""
"Linh kiện motor","LKMT_LMT_TK800_1000","LẮC MOTOR TANKER 800 KG -1000 KG","Cái","Cái","Cái","","Hàng tồn kho","Nguyên vật liệu","Mua ngoài","",""
"Linh kiện motor","LKMT_LMT_YHLD1000","LẮC MOTOR YH LD 1000KG LOẠI 1 (DÂY ĐỒNG)","Cái","Cái","Cái","","Hàng tồn kho","Nguyên vật liệu","Mua ngoài","",""
"Linh kiện motor","LKMT_LMT_YHLD1200","LẮC MOTOR YH LD 1200KG LOẠI 1 (DÂY ĐỒNG)","Cái","Cái","Cái","","Hàng tồn kho","Nguyên vật liệu","Mua ngoài","",""
"Linh kiện motor","LKMT_LMT_YHLD300_500","LẮC MOTOR YH LD 300/500KG LOẠI 1 (DÂY ĐỒNG)","Cái","Cái","Cái","","Hàng tồn kho","Nguyên vật liệu","Mua ngoài","",""
"Linh kiện motor","LKMT_LMT_YHLD800","LẮC MOTOR YH LD 800KG LOẠI 1 (DÂY ĐỒNG)","Cái","Cái","Cái","","Hàng tồn kho","Nguyên vật liệu","Mua ngoài","",""
"Linh kiện motor","LKMT_LMT33_TK400_600","LẮC 32-33 MOTOR TANKER 400 KG 600 KG","Cái","Cái","Cái","","Hàng tồn kho","Nguyên vật liệu","Mua ngoài","",""
"Linh kiện motor","LKMT_LMT36_TK400_600","LẮC 36 MOTOR TANKER 400 KG 600 KG","Cái","Cái","Cái","","Hàng tồn kho","Nguyên vật liệu","Mua ngoài","",""
"Linh kiện motor","LKMT_LONGDEN","LÔNG ĐỀN","Cái","Cái","Cái","","Hàng tồn kho","Nguyên vật liệu","Mua ngoài","",""
"Linh kiện motor","LKMT_NAPCHUP","NẮP CHỤP MOTOR","Cái","Cái","Cái","","Hàng tồn kho","Nguyên vật liệu","Mua ngoài","",""
"Linh kiện motor","LKMT_NAPNHIN","NẮP NHÌN","Cái","Cái","Cái","","Hàng tồn kho","Nguyên vật liệu","Mua ngoài","",""
"Linh kiện motor","LKMT_PAT_CH","PHÍM ÂM TƯỜNG CH ÚC (Motor trong)","Bộ","Bộ","Bộ","","Hàng tồn kho","Nguyên vật liệu","Mua ngoài","",""
"Linh kiện motor","LKMT_PAT_CODAY","PHÍM ÂM TƯỜNG CÓ DÂY","Bộ","Bộ","Bộ","","Hàng tồn kho","Nguyên vật liệu","Mua ngoài","",""
"Linh kiện motor","LKMT_PAT_KHONGDAY","PHÍM ÂM TƯỜNG KHÔNG DÂY","Bộ","Bộ","Bộ","","Hàng tồn kho","Nguyên vật liệu","Mua ngoài","",""
"Linh kiện motor","LKMT_TANKER_ALUMAX","HỘP ĐK TANKER ALUMAX","Cái","Cái","Cái","","Hàng tồn kho","Nguyên vật liệu","Mua ngoài","",""
"Linh kiện motor","LKMT_TANKER_ALUMAX_LAC33","LẮC TANKER ALUMAX 33","Cái","Cái","Cái","","Hàng tồn kho","Nguyên vật liệu","Mua ngoài","",""
"Linh kiện motor","LKMT_TANKER_ALUMAX_LAC36","LẮC TANKER ALUMAX 36","Cái","Cái","Cái","","Hàng tồn kho","Nguyên vật liệu","Mua ngoài","",""
"Linh kiện motor","LKMT_TANKER_LAC800_1000KG","LẮC TANKER 800-1000KG","Cái","Cái","Cái","","Hàng tồn kho","Nguyên vật liệu","Mua ngoài","",""
"Linh kiện motor","LKMT_TANKER_PATCD","TANKER PHÍM ÂM TƯỜNG CÓ DÂY","Bộ","Bộ","Bộ","","Hàng tồn kho","Nguyên vật liệu","Mua ngoài","",""
"Linh kiện motor","LKMT_TDKMT_AL","TAY ĐIỀU KHIỂN MOTOR ALUMAX","Cái","Cái","Cái","","Hàng tồn kho","Nguyên vật liệu","Mua ngoài","",""
"Linh kiện motor","LKMT_TDKMT_JG","TAY ĐIỀU KHIỂN MOTOR JG","Cái","Cái","Cái","","Hàng tồn kho","Nguyên vật liệu","Mua ngoài","",""
"Linh kiện motor","LKMT_TDKMT_TANKER","TAY ĐIỀU KHIỂN MOTOR TANKER","Cái","Cái","Cái","","Hàng tồn kho","Nguyên vật liệu","Mua ngoài","",""
"Linh kiện motor","LKMT_TDKMT_YH","TAY ĐIỀU KHIỂN YH","Cái","Cái","Cái","","Hàng tồn kho","Nguyên vật liệu","Mua ngoài","",""
"Linh kiện motor","LKMT_TMT_AL400","THÂN MOTOR ALUMAX 400 KG","Cái","Cái","Cái","","Hàng tồn kho","Nguyên vật liệu","Mua ngoài","",""
"Linh kiện motor","LKMT_TMT_AL600","THÂN MOTOR ALUMAX 600 KG","Cái","Cái","Cái","","Hàng tồn kho","Nguyên vật liệu","Mua ngoài","",""
"Linh kiện motor","LKMT_TMT_JG1000","THÂN MOTOR JG 1000KG (CHÍNH HÃNG)","Cái","Cái","Cái","","Hàng tồn kho","Nguyên vật liệu","Mua ngoài","",""
"Linh kiện motor","LKMT_TMT_JG1500","THÂN MOTOR JG 1500KG (CHÍNH HÃNG)","Cái","Cái","Cái","","Hàng tồn kho","Nguyên vật liệu","Mua ngoài","",""
"Linh kiện motor","LKMT_TMT_JG300","THÂN MOTOR JG 300KG (CHÍNH HÃNG)","Cái","Cái","Cái","","Hàng tồn kho","Nguyên vật liệu","Mua ngoài","",""
"Linh kiện motor","LKMT_TMT_JG400","THÂN MOTOR JG 400KG (CHÍNH HÃNG)","Cái","Cái","Cái","","Hàng tồn kho","Nguyên vật liệu","Mua ngoài","",""
"Linh kiện motor","LKMT_TMT_JG500","THÂN MOTOR JG 500KG (CHÍNH HÃNG)","Cái","Cái","Cái","","Hàng tồn kho","Nguyên vật liệu","Mua ngoài","",""
"Linh kiện motor","LKMT_TMT_JG600","THÂN MOTOR JG 600KG (CHÍNH HÃNG)","Cái","Cái","Cái","","Hàng tồn kho","Nguyên vật liệu","Mua ngoài","",""
"Linh kiện motor","LKMT_TMT_JG800","THÂN MOTOR JG 800KG (CHÍNH HÃNG)","Cái","Cái","Cái","","Hàng tồn kho","Nguyên vật liệu","Mua ngoài","",""
"Linh kiện motor","LKMT_TMT_TK1000","THÂN MOTOR TANKER 1000 KG","Cái","Cái","Cái","","Hàng tồn kho","Nguyên vật liệu","Mua ngoài","",""
"Linh kiện motor","LKMT_TMT_TK400","THÂN MOTOR TANKER 400 KG","Cái","Cái","Cái","","Hàng tồn kho","Nguyên vật liệu","Mua ngoài","",""
"Linh kiện motor","LKMT_TMT_TK600","THÂN MOTOR TANKER 600 KG","Cái","Cái","Cái","","Hàng tồn kho","Nguyên vật liệu","Mua ngoài","",""
"Linh kiện motor","LKMT_TMT_TK800","THÂN MOTOR TANKER 800 KG","Cái","Cái","Cái","","Hàng tồn kho","Nguyên vật liệu","Mua ngoài","",""
"Linh kiện motor","LKMT_TMT_YHLD1000","THÂN MOTOR YH LD 1000KG LOẠI 1 (DÂY ĐỒNG)","Cái","Cái","Cái","","Hàng tồn kho","Nguyên vật liệu","Mua ngoài","",""
"Linh kiện motor","LKMT_TMT_YHLD1200","THÂN MOTOR YH LD 1200KG LOẠI 1 (DÂY ĐỒNG)","Cái","Cái","Cái","","Hàng tồn kho","Nguyên vật liệu","Mua ngoài","",""
"Linh kiện motor","LKMT_TMT_YHLD300","THÂN MOTOR YH LD 300KG LOẠI 1 (DÂY ĐỒNG)","Cái","Cái","Cái","","Hàng tồn kho","Nguyên vật liệu","Mua ngoài","",""
"Linh kiện motor","LKMT_TMT_YHLD500","THÂN MOTOR YH LD 500KG LOẠI 1 (DÂY ĐỒNG)","Cái","Cái","Cái","","Hàng tồn kho","Nguyên vật liệu","Mua ngoài","",""
"Linh kiện motor","LKMT_TMT_YHLD800","THÂN MOTOR YH LD 800KG LOẠI 1 (DÂY ĐỒNG)","Cái","Cái","Cái","","Hàng tồn kho","Nguyên vật liệu","Mua ngoài","",""
"Linh kiện motor","LKMT_TMTDOI_BOS_PHAI","THÂN MOTOR BOSTECH ĐÔI PHẢI","Cái","Cái","Cái","","Hàng tồn kho","Nguyên vật liệu","Mua ngoài","",""
"Linh kiện motor","LKMT_TMTDOI_BOS_TRAI","THÂN MOTOR BOSTECH ĐÔI TRÁI","Cái","Cái","Cái","","Hàng tồn kho","Nguyên vật liệu","Mua ngoài","",""
"Linh kiện motor","LKMT_TMTDON_BOS_PHAI","THÂN MOTOR BOSTECH ĐƠN PHẢI","Cái","Cái","Cái","","Hàng tồn kho","Nguyên vật liệu","Mua ngoài","",""
"Linh kiện motor","LKMT_TMTDON_BOS_TRAI","THÂN MOTOR BOSTECH ĐƠN TRÁI","Cái","Cái","Cái","","Hàng tồn kho","Nguyên vật liệu","Mua ngoài","",""
"Linh kiện motor","LKMT_TMTDON_CH","THÂN MOTOR CH TAIWAN","Cái","Cái","Cái","","Hàng tồn kho","Nguyên vật liệu","Mua ngoài","",""
"Linh kiện motor","LKMT_UPS_ALE1000","ALUMAX UPS E-1000KG","Bộ","Bộ","Bộ","","Hàng tồn kho","Nguyên vật liệu","Mua ngoài","",""
"Linh kiện motor","LKMT_UPS_ALE800","ALUMAX UPS E-800KG","Bộ","Bộ","Bộ","","Hàng tồn kho","Nguyên vật liệu","Mua ngoài","",""
"Linh kiện motor","LKMT_YHLD_PATCD","YHLD PHÍM ÂM TƯỜNG CÓ DÂY","Bộ","Bộ","Bộ","","Hàng tồn kho","Nguyên vật liệu","Mua ngoài","",""
"Linh kiện motor","LKMT_YHTAIWAN","YHTAIWAN HopDK","Cái","Cái","Cái","","Hàng tồn kho","Nguyên vật liệu","Mua ngoài","",""
"Linh kiện motor","LKMT_YHTAIWAN_LAYHTW1000_1200KG","YHTAIWAN LẮC 1000-1200KG","Cái","Cái","Cái","","Hàng tồn kho","Nguyên vật liệu","Mua ngoài","",""
"Linh kiện motor","LKMT_YHTAIWAN_LAYHTW300_400_500KG","YHTAIWAN LẮC 300-400-500KG","Cái","Cái","Cái","","Hàng tồn kho","Nguyên vật liệu","Mua ngoài","",""
"Linh kiện motor","LKMT_YHTAIWAN_LAYHTW600_700_800KG","YHTAIWAN LẮC 600-700-800KG","Cái","Cái","Cái","","Hàng tồn kho","Nguyên vật liệu","Mua ngoài","",""
"Linh kiện motor","LKMT_YHTAIWAN_PATCD","YHTAIWAN PHÍM ÂM TƯỜNG CÓ DÂY","Bộ","Bộ","Bộ","","Hàng tồn kho","Nguyên vật liệu","Mua ngoài","",""
"Linh kiện motor","LKMT_YHTAIWAN_THAN1000KG","YHTAIWAN Thân 1000KG","Cái","Cái","Cái","","Hàng tồn kho","Nguyên vật liệu","Mua ngoài","",""
"Linh kiện motor","LKMT_YHTAIWAN_THAN300KG","YHTAIWAN Thân 300KG","Cái","Cái","Cái","","Hàng tồn kho","Nguyên vật liệu","Mua ngoài","",""
"Linh kiện motor","LKMT_YHTAIWAN_THAN400KG","YHTAIWAN Thân 400KG","Cái","Cái","Cái","","Hàng tồn kho","Nguyên vật liệu","Mua ngoài","",""
"Linh kiện motor","LKMT_YHTAIWAN_THAN500KG","YHTAIWAN Thân 500KG","Cái","Cái","Cái","","Hàng tồn kho","Nguyên vật liệu","Mua ngoài","",""
"Linh kiện motor","LKMT_YHTAIWAN_THAN600KG","YHTAIWAN Thân 600KG","Cái","Cái","Cái","","Hàng tồn kho","Nguyên vật liệu","Mua ngoài","",""
"Linh kiện motor","LKMT_YHTAIWAN_THAN700KG","YHTAIWAN Thân 700KG","Cái","Cái","Cái","","Hàng tồn kho","Nguyên vật liệu","Mua ngoài","",""
"Linh kiện motor","LKMT_YHTAIWAN_THAN800KG","YHTAIWAN Thân 800KG","Cái","Cái","Cái","","Hàng tồn kho","Nguyên vật liệu","Mua ngoài","",""
"Motor","MT_ALUMAX400KG","MOTOR ALUMAX 400KG","Bộ","Bộ","Bộ","","Hàng tồn kho","Hàng hoá","Mua ngoài","",""
"Motor","MT_ALUMAX600KG","MOTOR ALUMAX 600KG","Bộ","Bộ","Bộ","","Hàng tồn kho","Hàng hoá","Mua ngoài","",""
"Motor","MT_JG1000KG","MOTOR JG 1000KG","Bộ","Bộ","Bộ","","Hàng tồn kho","Hàng hoá","Mua ngoài","",""
"Motor","MT_JG1500KG","MOTOR JG 1500KG","Bộ","Bộ","Bộ","","Hàng tồn kho","Hàng hoá","Mua ngoài","",""
"Motor","MT_JG300KG","MOTOR JG 300KG","Bộ","Bộ","Bộ","","Hàng tồn kho","Hàng hoá","Mua ngoài","",""
"Motor","MT_JG400KG","MOTOR JG 400KG","Bộ","Bộ","Bộ","","Hàng tồn kho","Hàng hoá","Mua ngoài","",""
"Motor","MT_JG500KG","MOTOR JG 500KG","Bộ","Bộ","Bộ","","Hàng tồn kho","Hàng hoá","Mua ngoài","",""
"Motor","MT_JG600KG","MOTOR JG 600KG","Bộ","Bộ","Bộ","","Hàng tồn kho","Hàng hoá","Mua ngoài","",""
"Motor","MT_JG800KG","MOTOR JG 800KG","Bộ","Bộ","Bộ","","Hàng tồn kho","Hàng hoá","Mua ngoài","",""
"Motor","MT_TANKE800KG","MOTOR TANKER 800KG","Bộ","Bộ","Bộ","","Hàng tồn kho","Hàng hoá","Mua ngoài","",""
"Motor","MT_TANKER_NHONG","NHÔNG MOTOR TANKER","Cái","Cái","Cái","","Hàng tồn kho","Hàng hoá","Mua ngoài","",""
"Motor","MT_TANKER1000KG","MOTOR TANKER 1000KG","Bộ","Bộ","Bộ","","Hàng tồn kho","Hàng hoá","Mua ngoài","",""
"Motor","MT_TANKER400KG","MOTOR TANKER 400KG","Bộ","Bộ","Bộ","","Hàng tồn kho","Hàng hoá","Mua ngoài","",""
"Motor","MT_TANKER600KG","MOTOR TANKER 600KG","Bộ","Bộ","Bộ","","Hàng tồn kho","Hàng hoá","Mua ngoài","",""
"Motor","MT_YHLD1000KG","MOTOR YHLD 1000KG","Bộ","Bộ","Bộ","","Hàng tồn kho","Hàng hoá","Mua ngoài","",""
"Motor","MT_YHLD300KG","MOTOR YHLD 300KG","Bộ","Bộ","Bộ","","Hàng tồn kho","Hàng hoá","Mua ngoài","",""
"Motor","MT_YHLD500KG","MOTOR YHLD 500KG","Bộ","Bộ","Bộ","","Hàng tồn kho","Hàng hoá","Mua ngoài","",""
"Motor","MT_YHLD800KG","MOTOR YHLD 800KG","Bộ","Bộ","Bộ","","Hàng tồn kho","Hàng hoá","Mua ngoài","",""
"Motor","MT_YHTAIWAN_CH_1000KG","MOTOR YHTAIWAN CH 1000KG","Bộ","Bộ","Bộ","","Hàng tồn kho","Hàng hoá","Mua ngoài","",""
"Motor","MT_YHTAIWAN_CH_300KG","MOTOR YHTAIWAN CH 300KG","Bộ","Bộ","Bộ","","Hàng tồn kho","Hàng hoá","Mua ngoài","",""
"Motor","MT_YHTAIWAN_CH_400KG","MOTOR YHTAIWAN CH 400KG","Bộ","Bộ","Bộ","","Hàng tồn kho","Hàng hoá","Mua ngoài","",""
"Motor","MT_YHTAIWAN_CH_500KG","MOTOR YHTAIWAN CH 500KG","Bộ","Bộ","Bộ","","Hàng tồn kho","Hàng hoá","Mua ngoài","",""
"Motor","MT_YHTAIWAN_CH_600KG","MOTOR YHTAIWAN CH 600KG","Bộ","Bộ","Bộ","","Hàng tồn kho","Hàng hoá","Mua ngoài","",""
"Motor","MT_YHTAIWAN_CH_700KG","MOTOR YHTAIWAN CH 700KG","Bộ","Bộ","Bộ","","Hàng tồn kho","Hàng hoá","Mua ngoài","",""
"Motor","MT_YHTAIWAN_CH_800KG","MOTOR YHTAIWAN CH 800KG","Bộ","Bộ","Bộ","","Hàng tồn kho","Hàng hoá","Mua ngoài","",""
"Phụ kiện cần sơn tĩnh điện","PKS_CROMATE_3","CROMATE 3+","Kg","Kg","Cái","Cái = 0","Hàng tồn kho","Nguyên vật liệu","Mua ngoài","",""
"Phụ kiện cần sơn tĩnh điện","PKS_LUOIMV","LƯỚI MV","Kg","Kg","m2","m2 = 0","Hàng tồn kho","Nguyên vật liệu","Mua ngoài","",""
"Phụ kiện cần sơn tĩnh điện","PKS_LUOISN13X26","LƯỚI SN VUÔNG PHI 13X26","Kg","Kg","m2","m2 = 0","Hàng tồn kho","Nguyên vật liệu","Mua ngoài","",""
"Phụ kiện cần sơn tĩnh điện","PKS_LUOISNPHI19","LƯỚI SN TRÒN PHI 19","Kg","Kg","m2","m2 = 0","Hàng tồn kho","Nguyên vật liệu","Mua ngoài","",""
"Phụ kiện cần sơn tĩnh điện","PKS_TAY_NHOM","TẨY NHÔM","Kg","Kg","Cái","Cái = 0","Hàng tồn kho","Nguyên vật liệu","Mua ngoài","",""
"Phụ kiện chung","PKC_3X6M","SẮT VUÔNG 3X6M","Mét","Mét","Mét","","Hàng tồn kho","Nguyên vật liệu","Mua ngoài","",""
"Phụ kiện chung","PKC_BACDAN","BẠC ĐẠN","Bộ","Bộ","Bộ","","Hàng tồn kho","Nguyên vật liệu","Mua ngoài","","Khối lượng 1 cái ≈ 0,036 kg (theo bảng định mức CON LĂN, xưởng đọc 2026-08-20). Đây là CÂN NẶNG để tính định mức, KHÔNG phải đơn vị mua — bạc đạn mua theo cái."
"Phụ kiện chung","PKC_BANBUOM_FE","BẮN BƯỚM (SẮT)","Mét","Mét","Mét","","Hàng tồn kho","Nguyên vật liệu","Mua ngoài","",""
"Phụ kiện chung","PKC_BANBUOM_INOX","BẮN BƯỚM (INOX)","Mét","Mét","Mét","","Hàng tồn kho","Nguyên vật liệu","Mua ngoài","",""
"Phụ kiện chung","PKC_BANGKT_5P","BĂNG KEO TRONG","Kg","Kg","Cuộn","Cuộn = 0","Hàng tồn kho","Nguyên vật liệu","Mua ngoài","",""
"Phụ kiện chung","PKC_BKAN","BÁT KHÓA ÂM NỀN","Kg","Kg","Cái","Cái = 0 ; Cặp = 0","Hàng tồn kho","Nguyên vật liệu","Mua ngoài","",""
"Phụ kiện chung","PKC_BOLSN","BỌ LUỚI SONG NGANG MÓNG NGỰA SONG NGANG","Kg","Kg","Con","Con = 0","Hàng tồn kho","Nguyên vật liệu","Mua ngoài","",""
"Phụ kiện chung","PKC_BOMV","BỌ MẮT VÕNG","Kg","Kg","Con","Con = 0","Hàng tồn kho","Nguyên vật liệu","Mua ngoài","",""
"Phụ kiện chung","PKC_BOS","TAY ĐIỀU KHIỂN BOSTECH","Cái","Cái","Cái","","Hàng tồn kho","Nguyên vật liệu","Mua ngoài","",""
"Phụ kiện chung","PKC_BULON12.12","BÙ LON 12x12","Kg","Kg","Con","Con = 0","Hàng tồn kho","Nguyên vật liệu","Mua ngoài","","Định mức CON LĂN: 2 con mỗi cặp, 0.096 kg/con (ĐM.md)."
"Phụ kiện chung","PKC_BUOMFE_DL","BƯỚM SẮT ĐÀI LOAN","Kg","Kg","Con","Con = 0","Hàng tồn kho","Nguyên vật liệu","Mua ngoài","",""
"Phụ kiện chung","PKC_BUOMFE_ST","BƯỚM SẮT SIÊU TRƯỜNG","Kg","Kg","Con","Con = 0","Hàng tồn kho","Nguyên vật liệu","Mua ngoài","",""
"Phụ kiện chung","PKC_CHNHUA","VÒNG NHỰA HÃM TRỤC","Kg","Kg","Cái","Cái = 0","Hàng tồn kho","Nguyên vật liệu","Mua ngoài","",""
"Phụ kiện chung","PKC_CHONGXOLO","CHỐNG XỔ LÔ","Cái","Cái","Cái","","Hàng tồn kho","Nguyên vật liệu","Mua ngoài","",""
"Phụ kiện chung","PKC_CNHUA","CỤC NHỰA","Cái","Cái","Cái","","Hàng tồn kho","Nguyên vật liệu","Mua ngoài","","Định mức CON LĂN: 2 cái mỗi cặp (ĐM.md dòng 8, ĐVT CÁI — không có số kg)."
"Phụ kiện chung","PKC_CONTAN_MV","CON TÁN","Kg","Kg","Con","Con = 0","Hàng tồn kho","Nguyên vật liệu","Mua ngoài","",""
"Phụ kiện chung","PKC_CONTAN12","CON TÁN 12","Kg","Kg","Con","Con = 0","Hàng tồn kho","Nguyên vật liệu","Mua ngoài","","Định mức CON LĂN: 6 con mỗi cặp. 0,011 kg/con (ĐM.md ghi 0,00011 — xưởng đã sửa)."
"Phụ kiện chung","PKC_DINHTAN_MV","ĐINH TÁN MẮT VÕNG","Kg","Kg","Con","Con = 0","Hàng tồn kho","Nguyên vật liệu","Mua ngoài","",""
"Phụ kiện chung","PKC_DINHTAN_SN","ĐINH TÁN SONG NGANG","Kg","Kg","Con","Con = 0","Hàng tồn kho","Nguyên vật liệu","Mua ngoài","x",""
"Phụ kiện chung","PKC_GIAT","GIÁ T","Cặp","Cặp","Cặp","","Hàng tồn kho","Nguyên vật liệu","Mua ngoài","",""
"Phụ kiện chung","PKC_GOIFE","GỐI SẮT","Cái","Cái","Cái","","Hàng tồn kho","Nguyên vật liệu","Mua ngoài","",""
"Phụ kiện chung","PKC_GOIGANG","GỐI GANG","Cái","Cái","Cặp","Cặp = 0","Hàng tồn kho","Nguyên vật liệu","Mua ngoài","",""
"Phụ kiện chung","PKC_HDKDT","BỘ ĐIỀU KHIỂN ĐIỆN THOẠI","Bộ","Bộ","Bộ","","Hàng tồn kho","Nguyên vật liệu","Mua ngoài","",""
"Phụ kiện chung","PKC_HDKMT_BOS","HỘP ĐIỀU KHIỂN BOSTECH","Cái","Cái","Cái","","Hàng tồn kho","Nguyên vật liệu","Mua ngoài","",""
"Phụ kiện chung","PKC_HDKMTDON_CH","HỘP ĐIỀU KHIỂN TAIWAN","Cái","Cái","Cái","","Hàng tồn kho","Nguyên vật liệu","Mua ngoài","",""
"Phụ kiện chung","PKC_HOPKEM_1.2LY","HỘP KẼM VUÔNG 30X30X1.2LY","Kg","Kg","Mét","Mét = 0","Hàng tồn kho","Nguyên vật liệu","Mua ngoài","",""
"Phụ kiện chung","PKC_INOX","INOX KÉO TAY 6mét","Kg","Kg","Mét","Mét = 0","Hàng tồn kho","Nguyên vật liệu","Mua ngoài","",""
"Phụ kiện chung","PKC_KN","KHÓA NGANG","Bộ","Bộ","Bộ","","Hàng tồn kho","Nguyên vật liệu","Mua ngoài","",""
"Phụ kiện chung","PKC_LACPHU33","LẮC PHỤ 33","Cái","Cái","Cái","","Hàng tồn kho","Nguyên vật liệu","Mua ngoài","",""
"Phụ kiện chung","PKC_LACPHU33_3L","LẮC PHỤ 33 (3 LỖ)","Cái","Cái","Cái","","Hàng tồn kho","Nguyên vật liệu","Mua ngoài","",""
"Phụ kiện chung","PKC_LACPHU36","LẮC PHỤ 36","Cái","Cái","Cái","","Hàng tồn kho","Nguyên vật liệu","Mua ngoài","",""
"Phụ kiện chung","PKC_LACPHU40","LẮC PHỤ 40","Cái","Cái","Cái","","Hàng tồn kho","Nguyên vật liệu","Mua ngoài","",""
"Phụ kiện chung","PKC_LACPHU40_L168","LẮC PHỤ 40 LỖ 168","Cái","Cái","Cái","","Hàng tồn kho","Nguyên vật liệu","Mua ngoài","",""
"Phụ kiện chung","PKC_LUOIMV_INOX","LƯỚI MV INOX","m2","m2","m2","","Hàng tồn kho","Nguyên vật liệu","Mua ngoài","",""
"Phụ kiện chung","PKC_LUOISN13X26_INOX","LƯỚI SN VUÔNG PHI 13X26 INOX","m2","m2","m2","","Hàng tồn kho","Nguyên vật liệu","Mua ngoài","",""
"Phụ kiện chung","PKC_LUOISNPHI19_INOX","LƯỚI SN TRÒN PHI 19 INOX","m2","m2","m2","","Hàng tồn kho","Nguyên vật liệu","Mua ngoài","",""
"Phụ kiện chung","PKC_LV_6.0_X_70_X_53V","HH LÒ XO 53V","Kg","Kg","Cái","Cái = 0","Hàng tồn kho","Nguyên vật liệu","Mua ngoài","",""
"Phụ kiện chung","PKC_LV_6.5_X_80_X_63V","HH LÒ XO 63V","Kg","Kg","Cái","Cái = 0","Hàng tồn kho","Nguyên vật liệu","Mua ngoài","",""
"Phụ kiện chung","PKC_LV_6.5_X_80_X_68V","HH LÒ XO 68V","Kg","Kg","Cái","Cái = 0","Hàng tồn kho","Nguyên vật liệu","Mua ngoài","",""
"Phụ kiện chung","PKC_LV_7.0_X_90_X_65V","HH LÒ XO 65V","Kg","Kg","Cái","Cái = 0","Hàng tồn kho","Nguyên vật liệu","Mua ngoài","",""
"Phụ kiện chung","PKC_LV_7.0_X_90_X_73V","HH LÒ XO 73V","Kg","Kg","Cái","Cái = 0","Hàng tồn kho","Nguyên vật liệu","Mua ngoài","",""
"Phụ kiện chung","PKC_LV_7.0_X_90_X_83V","HH LÒ XO 83V","Kg","Kg","Cái","Cái = 0","Hàng tồn kho","Nguyên vật liệu","Mua ngoài","",""
"Phụ kiện chung","PKC_LX_5.5_X_70_X_46V","HH LÒ XO 46V","Kg","Kg","Cái","Cái = 0","Hàng tồn kho","Nguyên vật liệu","Mua ngoài","",""
"Phụ kiện chung","PKC_LX_5.5_X_70_X_50V","HH LÒ XO 50V","Kg","Kg","Cái","Cái = 0","Hàng tồn kho","Nguyên vật liệu","Mua ngoài","",""
"Phụ kiện chung","PKC_LX5.5X70X46V","LÒ XO 46 V","Cái","Cái","Cái","","Hàng tồn kho","Nguyên vật liệu","Mua ngoài","",""
"Phụ kiện chung","PKC_LX5.5X70X50V","LÒ XO 50 V","Cái","Cái","Cái","","Hàng tồn kho","Nguyên vật liệu","Mua ngoài","",""
"Phụ kiện chung","PKC_LX6.0X70X53V","LÒ XO 53 V","Cái","Cái","Cái","","Hàng tồn kho","Nguyên vật liệu","Mua ngoài","",""
"Phụ kiện chung","PKC_LX6.5X80X62V","LÒ XO 62 V","Cái","Cái","Cái","","Hàng tồn kho","Nguyên vật liệu","Mua ngoài","",""
"Phụ kiện chung","PKC_LX6.5X80X63V","LÒ XO 63 V","Cái","Cái","Cái","","Hàng tồn kho","Nguyên vật liệu","Mua ngoài","",""
"Phụ kiện chung","PKC_LX6.5X80X68V","LÒ XO 68 V","Cái","Cái","Cái","","Hàng tồn kho","Nguyên vật liệu","Mua ngoài","",""
"Phụ kiện chung","PKC_LX7.0X90X65","LÒ XO 65 V","Cái","Cái","Cái","","Hàng tồn kho","Nguyên vật liệu","Mua ngoài","",""
"Phụ kiện chung","PKC_LX7.0X90X73","LÒ XO 73 V","Cái","Cái","Cái","","Hàng tồn kho","Nguyên vật liệu","Mua ngoài","",""
"Phụ kiện chung","PKC_LX7.0X90X83","LÒ XO 83 V","Cái","Cái","Cái","","Hàng tồn kho","Nguyên vật liệu","Mua ngoài","",""
"Phụ kiện chung","PKC_MUI_MAI_HOP_KIM","MŨI MÀI HỘP KIM","Cái","Cái","Cái","","Hàng tồn kho","Nguyên vật liệu","Mua ngoài","",""
"Phụ kiện chung","PKC_MULLER","HỘP ĐIỀU KHIỂN MULLER","Bộ","Bộ","Bộ","","Hàng tồn kho","Nguyên vật liệu","Mua ngoài","",""
"Phụ kiện chung","PKC_NAPCHUP_BACDAN","BẠC ĐẠN + NẮP CHỤP","Bộ","Bộ","Bộ","","Hàng tồn kho","Nguyên vật liệu","Mua ngoài","",""
"Phụ kiện chung","PKC_NHAN","NHẪN","Cái","Cái","Cái","","Hàng tồn kho","Nguyên vật liệu","Mua ngoài","",""
"Phụ kiện chung","PKC_OKHOA","Ổ KHÓA NGANG","Bộ","Bộ","Bộ","","Hàng tồn kho","Nguyên vật liệu","Mua ngoài","",""
"Phụ kiện chung","PKC_OTPHI13.8","ỐNG THÉP PHI 13.8","Kg","Kg","Kg","","Hàng tồn kho","Nguyên vật liệu","Mua ngoài","",""
"Phụ kiện chung","PKC_OTPHI19","ỐNG THÉP PHI 19","Kg","Kg","Kg","","Hàng tồn kho","Nguyên vật liệu","Mua ngoài","",""
"Phụ kiện chung","PKC_PAT_BOS","PHÍM ÂM TƯỜNG ÚC BOSTECH","Bộ","Bộ","Bộ","","Hàng tồn kho","Nguyên vật liệu","Mua ngoài","",""
"Phụ kiện chung","PKC_PE25","Màng PE 25 CM","Cuộn","Cuộn","Cuộn","","Hàng tồn kho","Nguyên vật liệu","Mua ngoài","",""
"Phụ kiện chung","PKC_PE2X1.05X150","MÀNG PE FOAM 2x1.05x150 (CẮT 4)","Cuộn","Cuộn","Cuộn","","Hàng tồn kho","Nguyên vật liệu","Mua ngoài","",""
"Phụ kiện chung","PKC_PE2X1.05X150CAT2","MÀNG PE FOAM 2x1.05x150 (CẮT 2)","Cuộn","Cuộn","Cuộn","","Hàng tồn kho","Nguyên vật liệu","Mua ngoài","",""
"Phụ kiện chung","PKC_PE3X1.05X100CAT2","MÀNG PE FOAM 3x1.05x100 (CẮT 2)","Cuộn","Cuộn","Cuộn","","Hàng tồn kho","Nguyên vật liệu","Mua ngoài","",""
"Phụ kiện chung","PKC_PE3X1.05X100CAT4","MÀNG PE FOAM 3x1.05x100 (CẮT 4)","Cuộn","Cuộn","Cuộn","","Hàng tồn kho","Nguyên vật liệu","Mua ngoài","",""
"Phụ kiện chung","PKC_PE50","Màng PE 50 CM","Cuộn","Cuộn","Cuộn","","Hàng tồn kho","Nguyên vật liệu","Mua ngoài","",""
"Phụ kiện chung","PKC_PHOTLONG4X5X400M","LÔNG NHEO 4X5","Mét","Mét","Mét","","Hàng tồn kho","Nguyên vật liệu","Mua ngoài","",""
"Phụ kiện chung","PKC_PHOTLONG5X6X400M","LÔNG NHEO 5X6","Mét","Mét","Mét","","Hàng tồn kho","Nguyên vật liệu","Mua ngoài","",""
"Phụ kiện chung","PKC_PULYGAI","PULY GAI","Cái","Cái","Cái","","Hàng tồn kho","Nguyên vật liệu","Mua ngoài","",""
"Phụ kiện chung","PKC_PULYUC114","PULY ÚC 114","Cái","Cái","Cái","","Hàng tồn kho","Nguyên vật liệu","Mua ngoài","",""
"Phụ kiện chung","PKC_PULYUC114_CAM","PULY ÚC 114 CAM","Cái","Cái","Cái","","Hàng tồn kho","Nguyên vật liệu","Mua ngoài","",""
"Phụ kiện chung","PKC_PULYUC114_DEN","PULY ÚC 114 ĐEN","Cái","Cái","Cái","","Hàng tồn kho","Nguyên vật liệu","Mua ngoài","",""
"Phụ kiện chung","PKC_PULYUC34","PULY ÚC 34","Cái","Cái","Cái","","Hàng tồn kho","Nguyên vật liệu","Mua ngoài","",""
"Phụ kiện chung","PKC_RON_DD","RON ĐÁY ĐỨC","Kg","Kg","Mét","Mét = 0","Hàng tồn kho","Nguyên vật liệu","Mua ngoài","",""
"Phụ kiện chung","PKC_RONDAYUC","RON ĐÁY ÚC","Kg","Kg","Mét","Mét = 0","Hàng tồn kho","Nguyên vật liệu","Mua ngoài","",""
"Phụ kiện chung","PKC_RONNHUA_INOX","RON NHỰA + INOX","Kg","Kg","Mét","Mét = 0","Hàng tồn kho","Nguyên vật liệu","Mua ngoài","",""
"Phụ kiện chung","PKC_RONNHUAVANGCANHAY_RSU100","RONNHUAVANGCANHAY RSU100","Kg","Kg","Mét","Mét = 0","Hàng tồn kho","Nguyên vật liệu","Mua ngoài","",""
"Phụ kiện chung","PKC_RONNHUAVANGCANHAY_RSU70","RONNHUAVANGCANHAY RSU70","Kg","Kg","Mét","Mét = 0","Hàng tồn kho","Nguyên vật liệu","Mua ngoài","",""
"Phụ kiện chung","PKC_TDKDT","TAY ĐIỀU KHIỂN ĐIỆN THOẠI","Cái","Cái","Cái","","Hàng tồn kho","Nguyên vật liệu","Mua ngoài","",""
"Phụ kiện chung","PKC_TDKMTDOI_CH","TAY ĐIỀU KHIỂN TAIWAN","Cái","Cái","Cái","","Hàng tồn kho","Nguyên vật liệu","Mua ngoài","",""
"Phụ kiện chung","PKC_TIINOX","TI KHÓA NGANG","Kg","Kg","Mét","Mét = 0","Hàng tồn kho","Nguyên vật liệu","Mua ngoài","",""
"Phụ kiện chung","PKC_V4","V4","Mét","Mét","Mét","","Hàng tồn kho","Nguyên vật liệu","Mua ngoài","",""
"Phụ kiện chung","PKC_V4_INOX","V4 INOX 2ly","Mét","Mét","Mét","","Hàng tồn kho","Nguyên vật liệu","Mua ngoài","",""
"Phụ kiện chung","PKC_V4_INOX_3LY","V4 3ly","Mét","Mét","Mét","","Hàng tồn kho","Nguyên vật liệu","Mua ngoài","",""
"Phụ kiện chung","PKC_V5","V5","Kg","Kg","Kg","","Hàng tồn kho","Nguyên vật liệu","Mua ngoài","",""
"Phụ kiện chung","PKC_V5_KEM","V4 KẼM","Mét","Mét","Mét","","Hàng tồn kho","Nguyên vật liệu","Mua ngoài","",""
"Phụ kiện chung","PKC_VAIHAMXO","VAI HÃM XO","Cái","Cái","Cái","","Hàng tồn kho","Nguyên vật liệu","Mua ngoài","",""
"Phụ kiện chung","PKC_VDAY_TDU","V ĐÁY (THANH ĐÁY ÚC)","Kg","Kg","Mét","Mét = 0","Hàng tồn kho","Nguyên vật liệu","Mua ngoài","",""
"Phụ kiện chung","PKC_VDAY_TDU_KTD","THANH ĐÁY ÚC KTD","Kg","Kg","Kg","","Hàng tồn kho","Nguyên vật liệu","Mua ngoài","",""
"Phụ kiện chung","PKC_VIS_BANLO2P","VIS BẮN LÔ 2P","Con","Con","Con","","Hàng tồn kho","Nguyên vật liệu","Mua ngoài","",""
"Phụ kiện chung","PKC_VISDD_BANLO","VIS ĐẦU DÙ BẮN LÔ","Con","Con","Con","","Hàng tồn kho","Nguyên vật liệu","Mua ngoài","",""
"Phụ kiện chung","PKC_XOP_N45","XỐP NHỎ","Tấm","Tấm","Tấm","","Hàng tồn kho","Nguyên vật liệu","Mua ngoài","",""
"Phụ kiện chung","PKC_XOP_N90","XỐP LỚN","Tấm","Tấm","Tấm","","Hàng tồn kho","Nguyên vật liệu","Mua ngoài","",""
"Phụ kiện chung","PKC_XOP_N95","XỐP LỚN (90cm)","Tấm","Tấm","Tấm","","Hàng tồn kho","Nguyên vật liệu","Mua ngoài","",""
"Phụ kiện CN Đức","PKDUC_BATSAT","BÁT SẮT","Cái","Cái","Cái","","Hàng tồn kho","Nguyên vật liệu","Mua ngoài","","Định mức CON LĂN: 2 cái mỗi cặp (ĐM.md dòng 9, ĐVT CÁI)."
"Phụ kiện CN Đức","PKDUC_BO_1VIS_503N_71_595","BỌ 1VIS 503N-71-595","Kg","Kg","Con","Con = 0","Hàng tồn kho","Nguyên vật liệu","Mua ngoài","",""
"Phụ kiện CN Đức","PKDUC_BO_2VIS_501_552","BỌ 2VIS 501N-552","Kg","Kg","Con","Con = 0","Hàng tồn kho","Nguyên vật liệu","Mua ngoài","",""
"Phụ kiện CN Đức","PKDUC_BO_2VIS_652_548C","BỌ 2VIS-652-548C","Kg","Kg","Con","Con = 0","Hàng tồn kho","Nguyên vật liệu","Mua ngoài","",""
"Phụ kiện CN Đức","PKDUC_BO1VIS_503C","BỌ 1VIS 503C","Kg","Kg","Con","Con = 0","Hàng tồn kho","Nguyên vật liệu","Mua ngoài","",""
"Phụ kiện CN Đức","PKDUC_BO2VIS_752_ST700","BỌ 2VIS 752 ST700","Kg","Kg","Con","Con = 0","Hàng tồn kho","Nguyên vật liệu","Mua ngoài","",""
"Phụ kiện CN Đức","PKDUC_CBD","CÒI BÁO ĐỘNG","Cái","Cái","Cái","","Hàng tồn kho","Nguyên vật liệu","Mua ngoài","",""
"Phụ kiện CN Đức","PKDUC_CLNHUA","CON LĂN NHỰA","Cái","Cái","Cái","","Hàng tồn kho","Nguyên vật liệu","Mua ngoài","",""
"Phụ kiện CN Đức","PKDUC_COI","CÒI","Cái","Cái","Cái","","Hàng tồn kho","Nguyên vật liệu","Mua ngoài","",""
"Phụ kiện CN Đức","PKDUC_CON_LAN","CON LĂN","Cặp","Cặp","Cặp","","Hàng tồn kho","Nguyên vật liệu","Mua ngoài","",""
"Phụ kiện CN Đức","PKDUC_HTTD","HỆ THỐNG TỰ DỪNG","Bộ","Bộ","Bộ","","Hàng tồn kho","Nguyên vật liệu","Mua ngoài","",""
"Phụ kiện CN Đức","PKDUC_PHOTLONG4X5","LÔNG NHEO NHỎ","Mét","Mét","Mét","","Hàng tồn kho","Nguyên vật liệu","Mua ngoài","",""
"Phụ kiện CN Đức","PKDUC_PHOTLONG5X6","LÔNG NHEO LỚN","Mét","Mét","Mét","","Hàng tồn kho","Nguyên vật liệu","Mua ngoài","",""
"Phụ kiện CN Đức","PKDUC_PL114_LON","PULY 114 LỚN","Cái","Cái","Cái","","Hàng tồn kho","Nguyên vật liệu","Mua ngoài","",""
"Phụ kiện CN Đức","PKDUC_PL114_NHO","PULY 114 NHỎ","Cái","Cái","Cái","","Hàng tồn kho","Nguyên vật liệu","Mua ngoài","",""
"Phụ kiện CN Đức","PKDUC_PULY_114L","PULY 114L","Cái","Cái","Cái","","Hàng tồn kho","Nguyên vật liệu","Mua ngoài","",""
"Phụ kiện CN Đức","PKDUC_PULY_114N","PULY 114N","Cái","Cái","Cái","","Hàng tồn kho","Nguyên vật liệu","Mua ngoài","",""
"Phụ kiện CN Đức","PKDUC_PULY_140","PULY 140","Cái","Cái","Cái","","Hàng tồn kho","Nguyên vật liệu","Mua ngoài","",""
"Phụ kiện CN Đức","PKDUC_PULY_168","PULY 168","Cái","Cái","Cái","","Hàng tồn kho","Nguyên vật liệu","Mua ngoài","",""
"Phụ kiện CN Đức","PKDUC_PULY_DEN","PULY ĐEN CUỘN CỬA ĐỨC","Cái","Cái","Cái","","Hàng tồn kho","Nguyên vật liệu","Mua ngoài","",""
"Phụ kiện CN Đức","PKDUC_VIS","Vis","Kg","Kg","Kg","","Hàng tồn kho","Nguyên vật liệu","Mua ngoài","",""
"Ray và trục","RT_ONGKEM34","TRỤC 34","Kg","Kg","Mét","Mét = 0","Hàng tồn kho","Nguyên vật liệu","Mua ngoài","",""
"Ray và trục","RT_PHOTLONG12_5X5X120M","RON LÔNG CẠNH RAY","Mét","Mét","Mét","Kg = 0","Hàng tồn kho","Nguyên vật liệu","Mua ngoài","",""
"Ray và trục","RT_RAY_HOP_TD_U100","RAY HỘP TD U100","Kg","Kg","Mét","Mét = 0","Hàng tồn kho","Nguyên vật liệu","Mua ngoài","",""
"Ray và trục","RT_RAY_U100_1.2LY_KRON","RAY SẮT U100-1.2ly (KHÔNG RON)","Mét","Mét","Mét","Kg = 0","Hàng tồn kho","Nguyên vật liệu","Mua ngoài","",""
"Ray và trục","RT_RAY_U100_1.2LY_RON","RAY SẮT U100-1.2ly (CÓ RON)","Mét","Mét","Mét","Kg = 0","Hàng tồn kho","Nguyên vật liệu","Mua ngoài","",""
"Ray và trục","RT_RAY_U100_1.4LY_KRON","RAY SẮT U100-1.4ly (KHÔNG RON)","Mét","Mét","Mét","Kg = 0","Hàng tồn kho","Nguyên vật liệu","Mua ngoài","",""
"Ray và trục","RT_RAY_U100_1.4LY_RON","RAY SẮT U100-1.4ly (CÓ RON)","Mét","Mét","Mét","Kg = 0","Hàng tồn kho","Nguyên vật liệu","Mua ngoài","",""
"Ray và trục","RT_RAY_U100_1.4LY_RON_TD","RAY SẮT U100-1.4ly (CÓ RON+TỰ DỪNG)","Mét","Mét","Mét","Kg = 0","Hàng tồn kho","Nguyên vật liệu","Mua ngoài","",""
"Ray và trục","RT_RAY_U100_KRON","RAY SẮT U100 (KHÔNG RON)","Mét","Mét","Mét","Kg = 0","Hàng tồn kho","Nguyên vật liệu","Mua ngoài","",""
"Ray và trục","RT_RAY_U100_RON","RAY SẮT U100 (CÓ RON)","Mét","Mét","Mét","Kg = 0","Hàng tồn kho","Nguyên vật liệu","Mua ngoài","",""
"Ray và trục","RT_RAY_U70_KRON","RAY SẮT U70 (KHÔNG RON)","Kg","Kg","Mét","Mét = 0","Hàng tồn kho","Nguyên vật liệu","Mua ngoài","",""
"Ray và trục","RT_RAY_U70_RON","RAY SẮT U70 (CÓ RON)","Kg","Kg","Mét","Mét = 0","Hàng tồn kho","Nguyên vật liệu","Mua ngoài","",""
"Ray và trục","RT_RAYHOP","RAY HỘP TD U76","Kg","Kg","Mét","Mét = 0","Hàng tồn kho","Nguyên vật liệu","Mua ngoài","",""
"Ray và trục","RT_RAYINOX_6P_RON","RAY INOX 6P CÓ RON","Mét","Mét","Mét","Kg = 0","Hàng tồn kho","Nguyên vật liệu","Mua ngoài","",""
"Ray và trục","RT_RAYINOX_7P_KHONGRON","RAY INOX 7P KHÔNG RON","Mét","Mét","Mét","Kg = 0","Hàng tồn kho","Nguyên vật liệu","Mua ngoài","",""
"Ray và trục","RT_RAYINOX_8P_RON","RAY INOX 8P CÓ RON","Mét","Mét","Mét","Kg = 0","Hàng tồn kho","Nguyên vật liệu","Mua ngoài","",""
"Ray và trục","RT_RAYNHOMUC","RAY NHÔM ÚC","Mét","Mét","Mét","Kg = 0","Hàng tồn kho","Nguyên vật liệu","Mua ngoài","",""
"Ray và trục","RT_RINOX_DR","RON INOX ĐÁY RAY","Kg","Kg","Mét","Mét = 0","Hàng tồn kho","Nguyên vật liệu","Mua ngoài","",""
"Ray và trục","RT_RNHUA_CR","RON NHỰA CẠNH RAY","Kg","Kg","Mét","Mét = 0","Hàng tồn kho","Nguyên vật liệu","Mua ngoài","x",""
"Ray và trục","RT_RNHUA_DR","RON NHỰA ĐÁY RAY","Kg","Kg","Mét","Mét = 0","Hàng tồn kho","Nguyên vật liệu","Mua ngoài","",""
"Ray và trục","RT_TD87A1","RAY ĐƠN TD U76","Kg","Kg","Mét","Mét = 0","Hàng tồn kho","Nguyên vật liệu","Mua ngoài","",""
"Ray và trục","RT_TR114_1.8","TRỤC 114 (1.8 mm)","Kg","Kg","Mét","Mét = 0","Hàng tồn kho","Nguyên vật liệu","Mua ngoài","",""
"Ray và trục","RT_TR114_2.1","TRỤC 114 (2.1 mm)","Kg","Kg","Mét","Mét = 0","Hàng tồn kho","Nguyên vật liệu","Mua ngoài","",""
"Ray và trục","RT_TR140","TRỤC 140 (2.5 mm)","Kg","Kg","Mét","Mét = 0","Hàng tồn kho","Nguyên vật liệu","Mua ngoài","",""
"Ray và trục","RT_TR168","TRỤC 168 (4.0 mm)","Kg","Kg","Mét","Mét = 0","Hàng tồn kho","Nguyên vật liệu","Mua ngoài","",""
"Ray và trục","RT_TRUC_114_1.8LY","TRỤC 114 1.8LY","Kg","Kg","Mét","Mét = 0","Hàng tồn kho","Nguyên vật liệu","Mua ngoài","",""
"Ray và trục","RT_TRUC_114_2.1LY","TRỤC 114 2.1LY","Kg","Kg","Mét","Mét = 0","Hàng tồn kho","Nguyên vật liệu","Mua ngoài","",""
"Ray và trục","RT_TRUC114_2.4LY","TRỤC140 2.4LY","Kg","Kg","Mét","Mét = 0","Hàng tồn kho","Nguyên vật liệu","Mua ngoài","",""
"Ray và trục","RT_TRUC140","TRỤC 140","Mét","Mét","Mét","Kg = 0","Hàng tồn kho","Nguyên vật liệu","Mua ngoài","",""
"Ray và trục","RT_TRUC168","TRỤC 168","Mét","Mét","Mét","Kg = 0","Hàng tồn kho","Nguyên vật liệu","Mua ngoài","",""
"Ray và trục","RT_TRUC168_5LY","TRỤC168 5LY","Kg","Kg","Mét","Mét = 0","Hàng tồn kho","Nguyên vật liệu","Mua ngoài","",""
"Ray và trục","RT_TRUC34","TRỤC PHI 34","Kg","Kg","Mét","Mét = 0","Hàng tồn kho","Nguyên vật liệu","Mua ngoài","",""
"Ray và trục","RT_TRUC90","TRỤC PHI 90","Mét","Mét","Mét","Kg = 0","Hàng tồn kho","Nguyên vật liệu","Mua ngoài","",""